Player,Team,Venue,Category,Market,n,n_venue,mu_all,mu_blend,s2_blend,narrative_mult,mu_adj,s2_adj,p_base,p_final,Odds,Implied,Fair_Odds,EV_pct,Line,Model
M. Belloumi,hull-city,Neutral,total-shots,PLAYER_TO_HAVE_1_OR_MORE_SHOTS,11,0,2.5455,2.5455,2.5555,1.0,2.5455,2.5555,0.92117,0.92117,1.11,0.900901,1.0856,2.2499,1,NegBin
M. Belloumi,hull-city,Neutral,total-shots,PLAYER_TO_HAVE_2_OR_MORE_SHOTS,11,0,2.5455,2.5455,2.5555,1.0,2.5455,2.5555,0.721299,0.721299,1.53,0.653595,1.3864,10.3587,2,NegBin
O. McBurnie,hull-city,Neutral,total-shots,PLAYER_TO_HAVE_1_OR_MORE_SHOTS,28,0,2.0,2.0,2.2222,1.0,2.0,2.2222,0.849905,0.849905,1.08,0.925926,1.1766,-8.2102,1,NegBin
O. McBurnie,hull-city,Neutral,total-shots,PLAYER_TO_HAVE_2_OR_MORE_SHOTS,28,0,2.0,2.0,2.2222,1.0,2.0,2.2222,0.579735,0.579735,1.4,0.714286,1.7249,-18.8371,2,NegBin
L. Millar,hull-city,Neutral,total-shots,PLAYER_TO_HAVE_1_OR_MORE_SHOTS,27,0,1.7778,1.7778,2.1026,1.0,1.7778,2.1026,0.804618,0.804618,1.12,0.892857,1.2428,-9.8828,1,NegBin
L. Millar,hull-city,Neutral,total-shots,PLAYER_TO_HAVE_2_OR_MORE_SHOTS,27,0,1.7778,1.7778,2.1026,1.0,1.7778,2.1026,0.510927,0.510927,1.61,0.621118,1.9572,-17.7408,2,NegBin
J. Gelhardt,hull-city,Neutral,total-shots,PLAYER_TO_HAVE_1_OR_MORE_SHOTS,21,0,1.4762,1.4762,2.4619,1.0,1.4762,2.4619,0.677199,0.677199,1.11,0.900901,1.4767,-24.8309,1,NegBin
J. Gelhardt,hull-city,Neutral,total-shots,PLAYER_TO_HAVE_2_OR_MORE_SHOTS,21,0,1.4762,1.4762,2.4619,1.0,1.4762,2.4619,0.391473,0.391473,1.53,0.653595,2.5545,-40.1046,2,NegBin
M. Crooks,hull-city,Neutral,total-shots,PLAYER_TO_HAVE_1_OR_MORE_SHOTS,20,0,0.95,0.95,0.96,1.0,0.95,0.96,0.611334,0.611334,1.25,0.8,1.6358,-23.5833,1,NegBin
M. Crooks,hull-city,Neutral,total-shots,PLAYER_TO_HAVE_2_OR_MORE_SHOTS,20,0,0.95,0.95,0.96,1.0,0.95,0.96,0.245947,0.245947,2.1,0.47619,4.0659,-48.351,2,NegBin
K. Joseph,hull-city,Neutral,total-shots,PLAYER_TO_HAVE_1_OR_MORE_SHOTS,20,0,1.1,1.1,1.2526,1.0,1.1,1.2526,0.643022,0.643022,1.08,0.925926,1.5552,-30.5536,1,NegBin
K. Joseph,hull-city,Neutral,total-shots,PLAYER_TO_HAVE_2_OR_MORE_SHOTS,20,0,1.1,1.1,1.2526,1.0,1.1,1.2526,0.298194,0.298194,1.4,0.714286,3.3535,-58.2528,2,NegBin
R. Slater,hull-city,Neutral,total-shots,PLAYER_TO_HAVE_1_OR_MORE_SHOTS,25,0,0.68,0.68,0.69,1.0,0.68,0.69,0.490868,0.490868,1.25,0.8,2.0372,-38.6415,1,NegBin
R. Slater,hull-city,Neutral,total-shots,PLAYER_TO_HAVE_2_OR_MORE_SHOTS,25,0,0.68,0.68,0.69,1.0,0.68,0.69,0.149676,0.149676,2.1,0.47619,6.6811,-68.568,2,NegBin
S. Ajayi,hull-city,Neutral,total-shots,PLAYER_TO_HAVE_1_OR_MORE_SHOTS,12,0,0.5833,0.5833,0.8106,1.0,0.5833,0.8106,0.388977,0.388977,2.37,0.421941,2.5708,-7.8124,1,NegBin
S. Ajayi,hull-city,Neutral,total-shots,PLAYER_TO_HAVE_2_OR_MORE_SHOTS,12,0,0.5833,0.5833,0.8106,1.0,0.5833,0.8106,0.132481,0.132481,8.0,0.125,7.5483,5.9848,2,NegBin
L. Koumas,hull-city,Neutral,total-shots,PLAYER_TO_HAVE_1_OR_MORE_SHOTS,11,0,0.6364,0.6364,0.8545,1.0,0.6364,0.8545,0.421413,0.421413,1.16,0.862069,2.373,-51.1161,1,NegBin
L. Koumas,hull-city,Neutral,total-shots,PLAYER_TO_HAVE_2_OR_MORE_SHOTS,11,0,0.6364,0.6364,0.8545,1.0,0.6364,0.8545,0.147227,0.147227,1.8,0.555556,6.7922,-73.4991,2,NegBin
C. Hughes,hull-city,Neutral,total-shots,PLAYER_TO_HAVE_1_OR_MORE_SHOTS,22,0,0.5909,0.5909,0.6009,1.0,0.5909,0.6009,0.443431,0.443431,2.0,0.5,2.2551,-11.3137,1,NegBin
C. Hughes,hull-city,Neutral,total-shots,PLAYER_TO_HAVE_2_OR_MORE_SHOTS,22,0,0.5909,0.5909,0.6009,1.0,0.5909,0.6009,0.120023,0.120023,6.0,0.166667,8.3317,-27.9862,2,NegBin
C. Drameh,hull-city,Neutral,total-shots,PLAYER_TO_HAVE_1_OR_MORE_SHOTS,10,0,0.6,0.6,0.9333,1.0,0.6,0.9333,0.379469,0.379469,2.0,0.5,2.6353,-24.1062,1,NegBin
C. Drameh,hull-city,Neutral,total-shots,PLAYER_TO_HAVE_2_OR_MORE_SHOTS,10,0,0.6,0.6,0.9333,1.0,0.6,0.9333,0.140121,0.140121,6.0,0.166667,7.1367,-15.9274,2,NegBin
C. McCarthy,hull-city,Neutral,total-shots,PLAYER_TO_HAVE_1_OR_MORE_SHOTS,4,0,0.5,0.5,0.51,1.0,0.5,0.51,0.390469,0.390469,2.75,0.363636,2.561,7.379,1,NegBin
C. McCarthy,hull-city,Neutral,total-shots,PLAYER_TO_HAVE_2_OR_MORE_SHOTS,4,0,0.5,0.5,0.51,1.0,0.5,0.51,0.091679,0.091679,10.0,0.1,10.9076,-8.3205,2,NegBin
J. Egan,hull-city,Neutral,total-shots,PLAYER_TO_HAVE_1_OR_MORE_SHOTS,27,0,0.5185,0.5185,0.7208,1.0,0.5185,0.7208,0.354547,0.354547,2.37,0.421941,2.8205,-15.9724,1,NegBin
J. Egan,hull-city,Neutral,total-shots,PLAYER_TO_HAVE_2_OR_MORE_SHOTS,27,0,0.5185,0.5185,0.7208,1.0,0.5185,0.7208,0.113789,0.113789,8.0,0.125,8.7882,-8.9686,2,NegBin
A. Hadziahmetovic,hull-city,Neutral,total-shots,PLAYER_TO_HAVE_1_OR_MORE_SHOTS,20,0,0.55,0.55,0.5763,1.0,0.55,0.5763,0.415645,0.415645,1.61,0.621118,2.4059,-33.0811,1,NegBin
A. Hadziahmetovic,hull-city,Neutral,total-shots,PLAYER_TO_HAVE_2_OR_MORE_SHOTS,20,0,0.55,0.55,0.5763,1.0,0.55,0.5763,0.108926,0.108926,3.75,0.266667,9.1805,-59.1528,2,NegBin
J. Lundstram,hull-city,Neutral,total-shots,PLAYER_TO_HAVE_1_OR_MORE_SHOTS,16,0,0.5,0.5,0.8,1.0,0.5,0.8,0.324073,0.324073,1.5,0.666667,3.0857,-51.3891,1,NegBin
J. Lundstram,hull-city,Neutral,total-shots,PLAYER_TO_HAVE_2_OR_MORE_SHOTS,16,0,0.5,0.5,0.8,1.0,0.5,0.8,0.112845,0.112845,3.25,0.307692,8.8617,-63.3253,2,NegBin
Y. Hirakawa,hull-city,Neutral,total-shots,PLAYER_TO_HAVE_1_OR_MORE_SHOTS,7,0,0.4286,0.4286,0.4386,1.0,0.4286,0.4386,0.345346,0.345346,1.25,0.8,2.8956,-56.8318,1,NegBin
Y. Hirakawa,hull-city,Neutral,total-shots,PLAYER_TO_HAVE_2_OR_MORE_SHOTS,7,0,0.4286,0.4286,0.4386,1.0,0.4286,0.4386,0.071177,0.071177,2.1,0.47619,14.0495,-85.0529,2,NegBin
D. Gyabi,hull-city,Neutral,total-shots,PLAYER_TO_HAVE_1_OR_MORE_SHOTS,3,0,0.6667,0.6667,0.6767,1.0,0.6667,0.6767,0.484035,0.484035,1.5,0.666667,2.066,-27.3948,1,NegBin
D. Gyabi,hull-city,Neutral,total-shots,PLAYER_TO_HAVE_2_OR_MORE_SHOTS,3,0,0.6667,0.6667,0.6767,1.0,0.6667,0.6767,0.145142,0.145142,3.25,0.307692,6.8898,-52.829,2,NegBin
L. Coyle,hull-city,Neutral,total-shots,PLAYER_TO_HAVE_1_OR_MORE_SHOTS,28,0,0.2857,0.2857,0.2957,1.0,0.2857,0.2957,0.244842,0.244842,1.9,0.526316,4.0843,-53.4801,1,NegBin
L. Coyle,hull-city,Neutral,total-shots,PLAYER_TO_HAVE_2_OR_MORE_SHOTS,28,0,0.2857,0.2857,0.2957,1.0,0.2857,0.2957,0.036378,0.036378,5.5,0.181818,27.4888,-79.9918,2,NegBin
K. Dowell,hull-city,Neutral,total-shots,PLAYER_TO_HAVE_1_OR_MORE_SHOTS,6,0,0.3333,0.3333,0.3433,1.0,0.3333,0.3433,0.279947,0.279947,1.25,0.8,3.5721,-65.0066,1,NegBin
K. Dowell,hull-city,Neutral,total-shots,PLAYER_TO_HAVE_2_OR_MORE_SHOTS,6,0,0.3333,0.3333,0.3433,1.0,0.3333,0.3433,0.046921,0.046921,2.1,0.47619,21.3125,-90.1466,2,NegBin
P. James Coleman McNair,hull-city,Neutral,total-shots,PLAYER_TO_HAVE_1_OR_MORE_SHOTS,10,0,0.3,0.3,0.31,1.0,0.3,0.31,0.255549,0.255549,1.83,0.546448,3.9131,-53.2345,1,NegBin
P. James Coleman McNair,hull-city,Neutral,total-shots,PLAYER_TO_HAVE_2_OR_MORE_SHOTS,10,0,0.3,0.3,0.31,1.0,0.3,0.31,0.039418,0.039418,5.0,0.2,25.369,-80.2909,2,NegBin
R. Giles,hull-city,Neutral,total-shots,PLAYER_TO_HAVE_1_OR_MORE_SHOTS,12,0,0.25,0.25,0.3864,1.0,0.25,0.3864,0.180877,0.180877,1.72,0.581395,5.5286,-68.8892,1,NegBin
R. Giles,hull-city,Neutral,total-shots,PLAYER_TO_HAVE_2_OR_MORE_SHOTS,12,0,0.25,0.25,0.3864,1.0,0.25,0.3864,0.048372,0.048372,4.33,0.230947,20.6733,-79.0551,2,NegBin
A. Famewo,hull-city,Neutral,total-shots,PLAYER_TO_HAVE_1_OR_MORE_SHOTS,10,0,0.2,0.2,0.4,1.0,0.2,0.4,0.129449,0.129449,2.37,0.421941,7.725,-69.3205,1,NegBin
A. Famewo,hull-city,Neutral,total-shots,PLAYER_TO_HAVE_2_OR_MORE_SHOTS,10,0,0.2,0.2,0.4,1.0,0.2,0.4,0.042394,0.042394,8.0,0.125,23.588,-66.0845,2,NegBin
M. Jacob,hull-city,Neutral,total-shots,PLAYER_TO_HAVE_1_OR_MORE_SHOTS,3,0,0.0,0.01,0.02,1.0,0.01,0.02,0.006908,0.006908,1.72,0.581395,144.7701,-98.8119,1,NegBin
M. Jacob,hull-city,Neutral,total-shots,PLAYER_TO_HAVE_2_OR_MORE_SHOTS,3,0,0.0,0.01,0.02,1.0,0.01,0.02,0.001942,0.001942,4.0,0.25,514.9219,-99.2232,2,NegBin
O. McBurnie,hull-city,Neutral,shots-on-target,PLAYER_TO_HAVE_1_OR_MORE_SHOTS_ON_TARGET,28,0,1.0714,1.0714,1.254,1.0,1.0714,1.254,0.628185,0.628185,1.61,0.621118,1.5919,1.1378,1,NegBin
O. McBurnie,hull-city,Neutral,shots-on-target,PLAYER_TO_HAVE_2_OR_MORE_SHOTS_ON_TARGET,28,0,1.0714,1.0714,1.254,1.0,1.0714,1.254,0.287803,0.287803,4.0,0.25,3.4746,15.1211,2,NegBin
M. Belloumi,hull-city,Neutral,shots-on-target,PLAYER_TO_HAVE_1_OR_MORE_SHOTS_ON_TARGET,11,0,0.9091,0.9091,0.9191,1.0,0.9091,0.9191,0.595105,0.595105,1.83,0.546448,1.6804,8.9042,1,NegBin
M. Belloumi,hull-city,Neutral,shots-on-target,PLAYER_TO_HAVE_2_OR_MORE_SHOTS_ON_TARGET,11,0,0.9091,0.9091,0.9191,1.0,0.9091,0.9191,0.231023,0.231023,5.5,0.181818,4.3286,27.0628,2,NegBin
J. Gelhardt,hull-city,Neutral,shots-on-target,PLAYER_TO_HAVE_1_OR_MORE_SHOTS_ON_TARGET,21,0,0.5714,0.5714,0.5814,1.0,0.5714,0.5814,0.432484,0.432484,1.72,0.581395,2.3122,-25.6128,1,NegBin
J. Gelhardt,hull-city,Neutral,shots-on-target,PLAYER_TO_HAVE_2_OR_MORE_SHOTS_ON_TARGET,21,0,0.5714,0.5714,0.5814,1.0,0.5714,0.5814,0.113767,0.113767,4.5,0.222222,8.7899,-48.8051,2,NegBin
K. Joseph,hull-city,Neutral,shots-on-target,PLAYER_TO_HAVE_1_OR_MORE_SHOTS_ON_TARGET,20,0,0.5,0.5,0.5789,1.0,0.5,0.5789,0.37139,0.37139,1.61,0.621118,2.6926,-40.2062,1,NegBin
K. Joseph,hull-city,Neutral,shots-on-target,PLAYER_TO_HAVE_2_OR_MORE_SHOTS_ON_TARGET,20,0,0.5,0.5,0.5789,1.0,0.5,0.5789,0.099945,0.099945,4.0,0.25,10.0055,-60.0221,2,NegBin
L. Millar,hull-city,Neutral,shots-on-target,PLAYER_TO_HAVE_1_OR_MORE_SHOTS_ON_TARGET,27,0,0.3704,0.3704,0.3804,1.0,0.3704,0.3804,0.306122,0.306122,2.1,0.47619,3.2667,-35.7145,1,NegBin
L. Millar,hull-city,Neutral,shots-on-target,PLAYER_TO_HAVE_2_OR_MORE_SHOTS_ON_TARGET,27,0,0.3704,0.3704,0.3804,1.0,0.3704,0.3804,0.055886,0.055886,7.0,0.142857,17.8936,-60.8798,2,NegBin
M. Crooks,hull-city,Neutral,shots-on-target,PLAYER_TO_HAVE_1_OR_MORE_SHOTS_ON_TARGET,20,0,0.3,0.3,0.31,1.0,0.3,0.31,0.255549,0.255549,2.25,0.444444,3.9131,-42.5014,1,NegBin
M. Crooks,hull-city,Neutral,shots-on-target,PLAYER_TO_HAVE_2_OR_MORE_SHOTS_ON_TARGET,20,0,0.3,0.3,0.31,1.0,0.3,0.31,0.039418,0.039418,9.0,0.111111,25.369,-64.5236,2,NegBin
L. Koumas,hull-city,Neutral,shots-on-target,PLAYER_TO_HAVE_1_OR_MORE_SHOTS_ON_TARGET,11,0,0.1818,0.1818,0.1918,1.0,0.1818,0.1918,0.162215,0.162215,2.1,0.47619,6.1646,-65.9348,1,NegBin
L. Koumas,hull-city,Neutral,shots-on-target,PLAYER_TO_HAVE_2_OR_MORE_SHOTS_ON_TARGET,11,0,0.1818,0.1818,0.1918,1.0,0.1818,0.1918,0.017832,0.017832,7.0,0.142857,56.0789,-87.5176,2,NegBin
C. Hughes,hull-city,Neutral,shots-on-target,PLAYER_TO_HAVE_1_OR_MORE_SHOTS_ON_TARGET,22,0,0.2273,0.2273,0.2792,1.0,0.2273,0.2792,0.185094,0.185094,5.0,0.2,5.4027,-7.453,1,NegBin
R. Slater,hull-city,Neutral,shots-on-target,PLAYER_TO_HAVE_1_OR_MORE_SHOTS_ON_TARGET,25,0,0.2,0.2,0.21,1.0,0.2,0.21,0.177298,0.177298,2.5,0.4,5.6402,-55.6756,1,NegBin
R. Slater,hull-city,Neutral,shots-on-target,PLAYER_TO_HAVE_2_OR_MORE_SHOTS_ON_TARGET,25,0,0.2,0.2,0.21,1.0,0.2,0.21,0.020592,0.020592,11.0,0.090909,48.5619,-77.3485,2,NegBin
A. Famewo,hull-city,Neutral,shots-on-target,PLAYER_TO_HAVE_1_OR_MORE_SHOTS_ON_TARGET,10,0,0.2,0.2,0.4,1.0,0.2,0.4,0.129449,0.129449,5.5,0.181818,7.725,-28.8028,1,NegBin
J. Egan,hull-city,Neutral,shots-on-target,PLAYER_TO_HAVE_1_OR_MORE_SHOTS_ON_TARGET,27,0,0.1852,0.1852,0.1952,1.0,0.1852,0.1952,0.165029,0.165029,5.5,0.181818,6.0595,-9.2341,1,NegBin
D. Gyabi,hull-city,Neutral,shots-on-target,PLAYER_TO_HAVE_1_OR_MORE_SHOTS_ON_TARGET,3,0,0.3333,0.3333,0.3433,1.0,0.3333,0.3433,0.279947,0.279947,3.25,0.307692,3.5721,-9.0171,1,NegBin
D. Gyabi,hull-city,Neutral,shots-on-target,PLAYER_TO_HAVE_2_OR_MORE_SHOTS_ON_TARGET,3,0,0.3333,0.3333,0.3433,1.0,0.3333,0.3433,0.046921,0.046921,15.0,0.066667,21.3125,-29.6188,2,NegBin
P. James Coleman McNair,hull-city,Neutral,shots-on-target,PLAYER_TO_HAVE_1_OR_MORE_SHOTS_ON_TARGET,10,0,0.2,0.2,0.21,1.0,0.2,0.21,0.177298,0.177298,3.75,0.266667,5.6402,-33.5134,1,NegBin
P. James Coleman McNair,hull-city,Neutral,shots-on-target,PLAYER_TO_HAVE_2_OR_MORE_SHOTS_ON_TARGET,10,0,0.2,0.2,0.21,1.0,0.2,0.21,0.020592,0.020592,21.0,0.047619,48.5619,-56.7562,2,NegBin
R. Giles,hull-city,Neutral,shots-on-target,PLAYER_TO_HAVE_1_OR_MORE_SHOTS_ON_TARGET,12,0,0.1667,0.1667,0.3333,1.0,0.1667,0.3333,0.109101,0.109101,3.5,0.285714,9.1658,-61.8146,1,NegBin
R. Giles,hull-city,Neutral,shots-on-target,PLAYER_TO_HAVE_2_OR_MORE_SHOTS_ON_TARGET,12,0,0.1667,0.1667,0.3333,1.0,0.1667,0.3333,0.03486,0.03486,19.0,0.052632,28.6864,-33.7665,2,NegBin
Y. Hirakawa,hull-city,Neutral,shots-on-target,PLAYER_TO_HAVE_1_OR_MORE_SHOTS_ON_TARGET,7,0,0.1429,0.1429,0.1529,1.0,0.1429,0.1529,0.12897,0.12897,2.25,0.444444,7.7537,-70.9817,1,NegBin
Y. Hirakawa,hull-city,Neutral,shots-on-target,PLAYER_TO_HAVE_2_OR_MORE_SHOTS_ON_TARGET,7,0,0.1429,0.1429,0.1529,1.0,0.1429,0.1529,0.012678,0.012678,9.0,0.111111,78.8791,-88.5901,2,NegBin
S. Ajayi,hull-city,Neutral,shots-on-target,PLAYER_TO_HAVE_1_OR_MORE_SHOTS_ON_TARGET,12,0,0.0833,0.0833,0.0933,1.0,0.0833,0.0933,0.075683,0.075683,5.5,0.181818,13.213,-58.3742,1,NegBin
K. Dowell,hull-city,Neutral,shots-on-target,PLAYER_TO_HAVE_1_OR_MORE_SHOTS_ON_TARGET,6,0,0.1667,0.1667,0.1767,1.0,0.1667,0.1767,0.149438,0.149438,2.25,0.444444,6.6917,-66.3764,1,NegBin
K. Dowell,hull-city,Neutral,shots-on-target,PLAYER_TO_HAVE_2_OR_MORE_SHOTS_ON_TARGET,6,0,0.1667,0.1667,0.1767,1.0,0.1667,0.1767,0.015702,0.015702,9.0,0.111111,63.6864,-85.8683,2,NegBin
J. Lundstram,hull-city,Neutral,shots-on-target,PLAYER_TO_HAVE_1_OR_MORE_SHOTS_ON_TARGET,16,0,0.0625,0.0625,0.0725,1.0,0.0625,0.0725,0.056328,0.056328,3.25,0.307692,17.7532,-81.6934,1,NegBin
J. Lundstram,hull-city,Neutral,shots-on-target,PLAYER_TO_HAVE_2_OR_MORE_SHOTS_ON_TARGET,16,0,0.0625,0.0625,0.0725,1.0,0.0625,0.0725,0.005484,0.005484,15.0,0.066667,182.364,-91.7747,2,NegBin
L. Coyle,hull-city,Neutral,shots-on-target,PLAYER_TO_HAVE_1_OR_MORE_SHOTS_ON_TARGET,28,0,0.0357,0.0357,0.0457,1.0,0.0357,0.0457,0.030997,0.030997,5.0,0.2,32.2615,-84.5017,1,NegBin
L. Coyle,hull-city,Neutral,shots-on-target,PLAYER_TO_HAVE_2_OR_MORE_SHOTS_ON_TARGET,28,0,0.0357,0.0357,0.0457,1.0,0.0357,0.0457,0.00396,0.00396,21.0,0.047619,252.5399,-91.6845,2,NegBin
M. Jacob,hull-city,Neutral,shots-on-target,PLAYER_TO_HAVE_1_OR_MORE_SHOTS_ON_TARGET,3,0,0.0,0.01,0.02,1.0,0.01,0.02,0.006908,0.006908,3.5,0.285714,144.7701,-97.5824,1,NegBin
M. Jacob,hull-city,Neutral,shots-on-target,PLAYER_TO_HAVE_2_OR_MORE_SHOTS_ON_TARGET,3,0,0.0,0.01,0.02,1.0,0.01,0.02,0.001942,0.001942,19.0,0.052632,514.9219,-96.3101,2,NegBin
A. Hadziahmetovic,hull-city,Neutral,shots-on-target,PLAYER_TO_HAVE_1_OR_MORE_SHOTS_ON_TARGET,20,0,0.0,0.01,0.02,1.0,0.01,0.02,0.006908,0.006908,3.4,0.294118,144.7701,-97.6514,1,NegBin
A. Hadziahmetovic,hull-city,Neutral,shots-on-target,PLAYER_TO_HAVE_2_OR_MORE_SHOTS_ON_TARGET,20,0,0.0,0.01,0.02,1.0,0.01,0.02,0.001942,0.001942,17.0,0.058824,514.9219,-96.6985,2,NegBin
C. Drameh,hull-city,Neutral,shots-on-target,PLAYER_TO_HAVE_1_OR_MORE_SHOTS_ON_TARGET,10,0,0.0,0.01,0.02,1.0,0.01,0.02,0.006908,0.006908,6.0,0.166667,144.7701,-95.8555,1,NegBin
C. Drameh,hull-city,Neutral,shots-on-target,PLAYER_TO_HAVE_2_OR_MORE_SHOTS_ON_TARGET,10,0,0.0,0.01,0.02,1.0,0.01,0.02,0.001942,0.001942,21.0,0.047619,514.9219,-95.9217,2,NegBin
C. McCarthy,hull-city,Neutral,shots-on-target,PLAYER_TO_HAVE_1_OR_MORE_SHOTS_ON_TARGET,4,0,0.0,0.01,0.02,1.0,0.01,0.02,0.006908,0.006908,6.5,0.153846,144.7701,-95.5101,1,NegBin
C. Drameh,hull-city,Neutral,tackles,PLAYER_TO_HAVE_2_OR_MORE_TACKLES,10,0,2.5,2.5,3.8333,1.0,2.5,3.8333,0.645304,0.645304,1.1,0.909091,1.5497,-29.0165,2,NegBin
R. Slater,hull-city,Neutral,tackles,PLAYER_TO_HAVE_1_OR_MORE_TACKLES,25,0,2.24,2.24,2.8567,1.0,2.24,2.8567,0.861747,0.861747,1.11,0.900901,1.1604,-4.3461,1,NegBin
R. Slater,hull-city,Neutral,tackles,PLAYER_TO_HAVE_2_OR_MORE_TACKLES,25,0,2.24,2.24,2.8567,1.0,2.24,2.8567,0.618911,0.618911,1.53,0.653595,1.6157,-5.3066,2,NegBin
M. Crooks,hull-city,Neutral,tackles,PLAYER_TO_HAVE_1_OR_MORE_TACKLES,20,0,2.0,2.0,2.01,1.0,2.0,2.01,0.863989,0.863989,1.06,0.943396,1.1574,-8.4172,1,NegBin
M. Crooks,hull-city,Neutral,tackles,PLAYER_TO_HAVE_2_OR_MORE_TACKLES,20,0,2.0,2.0,2.01,1.0,2.0,2.01,0.593319,0.593319,1.36,0.735294,1.6854,-19.3086,2,NegBin
A. Famewo,hull-city,Neutral,tackles,PLAYER_TO_HAVE_1_OR_MORE_TACKLES,10,0,1.6,1.6,1.61,1.0,1.6,1.61,0.797096,0.797096,1.08,0.925926,1.2546,-13.9137,1,NegBin
A. Famewo,hull-city,Neutral,tackles,PLAYER_TO_HAVE_2_OR_MORE_TACKLES,10,0,1.6,1.6,1.61,1.0,1.6,1.61,0.474465,0.474465,1.44,0.694444,2.1076,-31.677,2,NegBin
L. Coyle,hull-city,Neutral,tackles,PLAYER_TO_HAVE_1_OR_MORE_TACKLES,28,0,1.5357,1.5357,2.6283,1.0,1.5357,2.6283,0.686478,0.686478,1.06,0.943396,1.4567,-27.2333,1,NegBin
L. Coyle,hull-city,Neutral,tackles,PLAYER_TO_HAVE_2_OR_MORE_TACKLES,28,0,1.5357,1.5357,2.6283,1.0,1.5357,2.6283,0.40515,0.40515,1.36,0.735294,2.4682,-44.8996,2,NegBin
J. Gelhardt,hull-city,Neutral,tackles,PLAYER_TO_HAVE_1_OR_MORE_TACKLES,21,0,1.4762,1.4762,1.4862,1.0,1.4762,1.4862,0.770353,0.770353,1.14,0.877193,1.2981,-12.1797,1,NegBin
J. Gelhardt,hull-city,Neutral,tackles,PLAYER_TO_HAVE_2_OR_MORE_TACKLES,21,0,1.4762,1.4762,1.4862,1.0,1.4762,1.4862,0.433632,0.433632,1.72,0.581395,2.3061,-25.4153,2,NegBin
M. Jacob,hull-city,Neutral,tackles,PLAYER_TO_HAVE_1_OR_MORE_TACKLES,3,0,2.6667,2.6667,14.3333,1.0,2.6667,14.3333,0.641229,0.641229,1.14,0.877193,1.5595,-26.8999,1,NegBin
M. Jacob,hull-city,Neutral,tackles,PLAYER_TO_HAVE_2_OR_MORE_TACKLES,3,0,2.6667,2.6667,14.3333,1.0,2.6667,14.3333,0.463235,0.463235,1.72,0.581395,2.1587,-20.3237,2,NegBin
J. Lundstram,hull-city,Neutral,tackles,PLAYER_TO_HAVE_1_OR_MORE_TACKLES,16,0,1.5625,1.5625,1.5725,1.0,1.5625,1.5725,0.789342,0.789342,1.06,0.943396,1.2669,-16.3297,1,NegBin
J. Lundstram,hull-city,Neutral,tackles,PLAYER_TO_HAVE_2_OR_MORE_TACKLES,16,0,1.5625,1.5625,1.5725,1.0,1.5625,1.5725,0.462283,0.462283,1.36,0.735294,2.1632,-37.1295,2,NegBin
Y. Hirakawa,hull-city,Neutral,tackles,PLAYER_TO_HAVE_1_OR_MORE_TACKLES,7,0,1.8571,1.8571,2.4762,1.0,1.8571,2.4762,0.798668,0.798668,1.11,0.900901,1.2521,-11.3478,1,NegBin
Y. Hirakawa,hull-city,Neutral,tackles,PLAYER_TO_HAVE_2_OR_MORE_TACKLES,7,0,1.8571,1.8571,2.4762,1.0,1.8571,2.4762,0.518241,0.518241,1.53,0.653595,1.9296,-20.7091,2,NegBin
L. Millar,hull-city,Neutral,tackles,PLAYER_TO_HAVE_1_OR_MORE_TACKLES,27,0,1.5185,1.5185,2.1823,1.0,1.5185,2.1823,0.716281,0.716281,1.11,0.900901,1.3961,-20.4928,1,NegBin
L. Millar,hull-city,Neutral,tackles,PLAYER_TO_HAVE_2_OR_MORE_TACKLES,27,0,1.5185,1.5185,2.1823,1.0,1.5185,2.1823,0.416499,0.416499,1.53,0.653595,2.401,-36.2757,2,NegBin
S. Ajayi,hull-city,Neutral,tackles,PLAYER_TO_HAVE_1_OR_MORE_TACKLES,12,0,1.25,1.25,1.26,1.0,1.25,1.26,0.712067,0.712067,1.14,0.877193,1.4044,-18.8244,1,NegBin
S. Ajayi,hull-city,Neutral,tackles,PLAYER_TO_HAVE_2_OR_MORE_TACKLES,12,0,1.25,1.25,1.26,1.0,1.25,1.26,0.355007,0.355007,1.72,0.581395,2.8168,-38.9389,2,NegBin
C. Hughes,hull-city,Neutral,tackles,PLAYER_TO_HAVE_1_OR_MORE_TACKLES,22,0,1.2727,1.2727,1.2827,1.0,1.2727,1.2827,0.718537,0.718537,1.08,0.925926,1.3917,-22.398,1,NegBin
C. Hughes,hull-city,Neutral,tackles,PLAYER_TO_HAVE_2_OR_MORE_TACKLES,22,0,1.2727,1.2727,1.2827,1.0,1.2727,1.2827,0.363103,0.363103,1.44,0.694444,2.754,-47.7131,2,NegBin
M. Belloumi,hull-city,Neutral,tackles,PLAYER_TO_HAVE_1_OR_MORE_TACKLES,11,0,1.6364,1.6364,1.6464,1.0,1.6364,1.6464,0.804341,0.804341,1.06,0.943396,1.2433,-14.7398,1,NegBin
M. Belloumi,hull-city,Neutral,tackles,PLAYER_TO_HAVE_2_OR_MORE_TACKLES,11,0,1.6364,1.6364,1.6464,1.0,1.6364,1.6464,0.486117,0.486117,1.36,0.735294,2.0571,-33.888,2,NegBin
A. Hadziahmetovic,hull-city,Neutral,tackles,PLAYER_TO_HAVE_1_OR_MORE_TACKLES,20,0,1.3,1.3,1.4842,1.0,1.3,1.4842,0.703517,0.703517,1.06,0.943396,1.4214,-25.4272,1,NegBin
A. Hadziahmetovic,hull-city,Neutral,tackles,PLAYER_TO_HAVE_2_OR_MORE_TACKLES,20,0,1.3,1.3,1.4842,1.0,1.3,1.4842,0.365925,0.365925,1.36,0.735294,2.7328,-50.2341,2,NegBin
J. Egan,hull-city,Neutral,tackles,PLAYER_TO_HAVE_1_OR_MORE_TACKLES,27,0,1.1852,1.1852,1.3105,1.0,1.1852,1.3105,0.675868,0.675868,1.25,0.8,1.4796,-15.5165,1,NegBin
J. Egan,hull-city,Neutral,tackles,PLAYER_TO_HAVE_2_OR_MORE_TACKLES,27,0,1.1852,1.1852,1.3105,1.0,1.1852,1.3105,0.328456,0.328456,2.2,0.454545,3.0445,-27.7396,2,NegBin
K. Joseph,hull-city,Neutral,tackles,PLAYER_TO_HAVE_1_OR_MORE_TACKLES,20,0,1.4,1.4,1.7263,1.0,1.4,1.7263,0.715908,0.715908,1.25,0.8,1.3968,-10.5116,1,NegBin
K. Joseph,hull-city,Neutral,tackles,PLAYER_TO_HAVE_2_OR_MORE_TACKLES,20,0,1.4,1.4,1.7263,1.0,1.4,1.7263,0.393359,0.393359,2.2,0.454545,2.5422,-13.4611,2,NegBin
O. McBurnie,hull-city,Neutral,tackles,PLAYER_TO_HAVE_1_OR_MORE_TACKLES,28,0,0.9643,0.9643,1.2209,1.0,0.9643,1.2209,0.574713,0.574713,1.5,0.666667,1.74,-13.793,1,NegBin
O. McBurnie,hull-city,Neutral,tackles,PLAYER_TO_HAVE_2_OR_MORE_TACKLES,28,0,0.9643,0.9643,1.2209,1.0,0.9643,1.2209,0.250811,0.250811,3.25,0.307692,3.9871,-18.4864,2,NegBin
L. Koumas,hull-city,Neutral,tackles,PLAYER_TO_HAVE_1_OR_MORE_TACKLES,11,0,1.0909,1.0909,1.1009,1.0,1.0909,1.1009,0.662416,0.662416,1.14,0.877193,1.5096,-24.4846,1,NegBin
L. Koumas,hull-city,Neutral,tackles,PLAYER_TO_HAVE_2_OR_MORE_TACKLES,11,0,1.0909,1.0909,1.1009,1.0,1.0909,1.1009,0.297487,0.297487,1.72,0.581395,3.3615,-48.8323,2,NegBin
P. James Coleman McNair,hull-city,Neutral,tackles,PLAYER_TO_HAVE_1_OR_MORE_TACKLES,10,0,1.3,1.3,1.31,1.0,1.3,1.31,0.726109,0.726109,1.22,0.819672,1.3772,-11.4147,1,NegBin
P. James Coleman McNair,hull-city,Neutral,tackles,PLAYER_TO_HAVE_2_OR_MORE_TACKLES,10,0,1.3,1.3,1.31,1.0,1.3,1.31,0.372769,0.372769,2.0,0.5,2.6826,-25.4462,2,NegBin
R. Giles,hull-city,Neutral,tackles,PLAYER_TO_HAVE_1_OR_MORE_TACKLES,12,0,1.0833,1.0833,2.0833,1.0,1.0833,2.0833,0.535807,0.535807,1.11,0.900901,1.8663,-40.5254,1,NegBin
R. Giles,hull-city,Neutral,tackles,PLAYER_TO_HAVE_2_OR_MORE_TACKLES,12,0,1.0833,1.0833,2.0833,1.0,1.0833,2.0833,0.274312,0.274312,1.53,0.653595,3.6455,-58.0303,2,NegBin
D. Gyabi,hull-city,Neutral,tackles,PLAYER_TO_HAVE_1_OR_MORE_TACKLES,3,0,1.0,1.0,1.01,1.0,1.0,1.01,0.630289,0.630289,1.05,0.952381,1.5866,-33.8197,1,NegBin
D. Gyabi,hull-city,Neutral,tackles,PLAYER_TO_HAVE_2_OR_MORE_TACKLES,3,0,1.0,1.0,1.01,1.0,1.0,1.01,0.264238,0.264238,1.22,0.819672,3.7845,-67.763,2,NegBin
C. McCarthy,hull-city,Neutral,tackles,PLAYER_TO_HAVE_1_OR_MORE_TACKLES,4,0,1.25,1.25,1.26,1.0,1.25,1.26,0.712067,0.712067,1.14,0.877193,1.4044,-18.8244,1,NegBin
C. McCarthy,hull-city,Neutral,tackles,PLAYER_TO_HAVE_2_OR_MORE_TACKLES,4,0,1.25,1.25,1.26,1.0,1.25,1.26,0.355007,0.355007,1.72,0.581395,2.8168,-38.9389,2,NegBin
K. Dowell,hull-city,Neutral,tackles,PLAYER_TO_HAVE_1_OR_MORE_TACKLES,6,0,0.0,0.01,0.02,1.0,0.01,0.02,0.006908,0.006908,1.08,0.925926,144.7701,-99.254,1,NegBin
K. Dowell,hull-city,Neutral,tackles,PLAYER_TO_HAVE_2_OR_MORE_TACKLES,6,0,0.0,0.01,0.02,1.0,0.01,0.02,0.001942,0.001942,1.44,0.694444,514.9219,-99.7203,2,NegBin
M. Crooks,hull-city,Neutral,fouls-committed,PLAYER_TO_COMMIT_1_OR_MORE_FOULS,20,0,1.85,1.85,2.3447,1.0,1.85,2.3447,0.805911,0.805911,1.1,0.909091,1.2408,-11.3498,1,NegBin
M. Crooks,hull-city,Neutral,fouls-committed,PLAYER_TO_COMMIT_2_OR_MORE_FOULS,20,0,1.85,1.85,2.3447,1.0,1.85,2.3447,0.522608,0.522608,1.44,0.694444,1.9135,-24.7445,2,NegBin
O. McBurnie,hull-city,Neutral,fouls-committed,PLAYER_TO_COMMIT_1_OR_MORE_FOULS,28,0,1.4643,1.4643,1.4743,1.0,1.4643,1.4743,0.767603,0.767603,1.14,0.877193,1.3028,-12.4933,1,NegBin
O. McBurnie,hull-city,Neutral,fouls-committed,PLAYER_TO_COMMIT_2_OR_MORE_FOULS,28,0,1.4643,1.4643,1.4743,1.0,1.4643,1.4743,0.429616,0.429616,1.66,0.60241,2.3277,-28.6838,2,NegBin
C. Hughes,hull-city,Neutral,fouls-committed,PLAYER_TO_COMMIT_1_OR_MORE_FOULS,22,0,1.2727,1.2727,1.2827,1.0,1.2727,1.2827,0.718537,0.718537,1.33,0.75188,1.3917,-4.4346,1,NegBin
C. Hughes,hull-city,Neutral,fouls-committed,PLAYER_TO_COMMIT_2_OR_MORE_FOULS,22,0,1.2727,1.2727,1.2827,1.0,1.2727,1.2827,0.363103,0.363103,2.62,0.381679,2.754,-4.8669,2,NegBin
J. Gelhardt,hull-city,Neutral,fouls-committed,PLAYER_TO_COMMIT_1_OR_MORE_FOULS,21,0,1.0476,1.0476,1.0576,1.0,1.0476,1.0576,0.647481,0.647481,1.16,0.862069,1.5444,-24.8922,1,NegBin
J. Gelhardt,hull-city,Neutral,fouls-committed,PLAYER_TO_COMMIT_2_OR_MORE_FOULS,21,0,1.0476,1.0476,1.0576,1.0,1.0476,1.0576,0.281667,0.281667,1.72,0.581395,3.5503,-51.5532,2,NegBin
L. Coyle,hull-city,Neutral,fouls-committed,PLAYER_TO_COMMIT_1_OR_MORE_FOULS,28,0,0.9286,0.9286,1.1799,1.0,0.9286,1.1799,0.560358,0.560358,1.33,0.75188,1.7846,-25.4723,1,NegBin
L. Coyle,hull-city,Neutral,fouls-committed,PLAYER_TO_COMMIT_2_OR_MORE_FOULS,28,0,0.9286,0.9286,1.1799,1.0,0.9286,1.1799,0.239076,0.239076,2.62,0.381679,4.1828,-37.362,2,NegBin
K. Joseph,hull-city,Neutral,fouls-committed,PLAYER_TO_COMMIT_1_OR_MORE_FOULS,20,0,1.15,1.15,1.9237,1.0,1.15,1.9237,0.58498,0.58498,1.2,0.833333,1.7095,-29.8024,1,NegBin
K. Joseph,hull-city,Neutral,fouls-committed,PLAYER_TO_COMMIT_2_OR_MORE_FOULS,20,0,1.15,1.15,1.9237,1.0,1.15,1.9237,0.299661,0.299661,1.83,0.546448,3.3371,-45.162,2,NegBin
L. Koumas,hull-city,Neutral,fouls-committed,PLAYER_TO_COMMIT_1_OR_MORE_FOULS,11,0,1.1818,1.1818,1.1918,1.0,1.1818,1.1918,0.691751,0.691751,1.12,0.892857,1.4456,-22.5239,1,NegBin
L. Koumas,hull-city,Neutral,fouls-committed,PLAYER_TO_COMMIT_2_OR_MORE_FOULS,11,0,1.1818,1.1818,1.1918,1.0,1.1818,1.1918,0.330513,0.330513,1.61,0.621118,3.0256,-46.7875,2,NegBin
M. Belloumi,hull-city,Neutral,fouls-committed,PLAYER_TO_COMMIT_1_OR_MORE_FOULS,11,0,0.9091,0.9091,0.9191,1.0,0.9091,0.9191,0.595105,0.595105,1.28,0.78125,1.6804,-23.8266,1,NegBin
M. Belloumi,hull-city,Neutral,fouls-committed,PLAYER_TO_COMMIT_2_OR_MORE_FOULS,11,0,0.9091,0.9091,0.9191,1.0,0.9091,0.9191,0.231023,0.231023,2.25,0.444444,4.3286,-48.0197,2,NegBin
A. Famewo,hull-city,Neutral,fouls-committed,PLAYER_TO_COMMIT_1_OR_MORE_FOULS,10,0,0.7,0.7,1.1222,1.0,0.7,1.1222,0.421752,0.421752,1.44,0.694444,2.3711,-39.2678,1,NegBin
A. Famewo,hull-city,Neutral,fouls-committed,PLAYER_TO_COMMIT_2_OR_MORE_FOULS,10,0,0.7,0.7,1.1222,1.0,0.7,1.1222,0.169269,0.169269,3.0,0.333333,5.9078,-49.2193,2,NegBin
R. Slater,hull-city,Neutral,fouls-committed,PLAYER_TO_COMMIT_1_OR_MORE_FOULS,25,0,0.6,0.6,0.61,1.0,0.6,0.61,0.448468,0.448468,1.33,0.75188,2.2298,-40.3538,1,NegBin
R. Slater,hull-city,Neutral,fouls-committed,PLAYER_TO_COMMIT_2_OR_MORE_FOULS,25,0,0.6,0.6,0.61,1.0,0.6,0.61,0.122973,0.122973,2.62,0.381679,8.1319,-67.781,2,NegBin
P. James Coleman McNair,hull-city,Neutral,fouls-committed,PLAYER_TO_COMMIT_1_OR_MORE_FOULS,10,0,0.8,0.8,0.81,1.0,0.8,0.81,0.548437,0.548437,1.83,0.546448,1.8234,0.364,1,NegBin
P. James Coleman McNair,hull-city,Neutral,fouls-committed,PLAYER_TO_COMMIT_2_OR_MORE_FOULS,10,0,0.8,0.8,0.81,1.0,0.8,0.81,0.191647,0.191647,5.5,0.181818,5.2179,5.406,2,NegBin
A. Hadziahmetovic,hull-city,Neutral,fouls-committed,PLAYER_TO_COMMIT_1_OR_MORE_FOULS,20,0,0.6,0.6,0.61,1.0,0.6,0.61,0.448468,0.448468,1.28,0.78125,2.2298,-42.5961,1,NegBin
A. Hadziahmetovic,hull-city,Neutral,fouls-committed,PLAYER_TO_COMMIT_2_OR_MORE_FOULS,20,0,0.6,0.6,0.61,1.0,0.6,0.61,0.122973,0.122973,2.25,0.444444,8.1319,-72.331,2,NegBin
Y. Hirakawa,hull-city,Neutral,fouls-committed,PLAYER_TO_COMMIT_1_OR_MORE_FOULS,7,0,0.7143,0.7143,0.7243,1.0,0.7143,0.7243,0.508027,0.508027,1.61,0.621118,1.9684,-18.2076,1,NegBin
Y. Hirakawa,hull-city,Neutral,fouls-committed,PLAYER_TO_COMMIT_2_OR_MORE_FOULS,7,0,0.7143,0.7143,0.7243,1.0,0.7143,0.7243,0.16147,0.16147,3.75,0.266667,6.1931,-39.4488,2,NegBin
J. Lundstram,hull-city,Neutral,fouls-committed,PLAYER_TO_COMMIT_1_OR_MORE_FOULS,16,0,0.625,0.625,0.635,1.0,0.625,0.635,0.462084,0.462084,1.2,0.833333,2.1641,-44.5499,1,NegBin
J. Lundstram,hull-city,Neutral,fouls-committed,PLAYER_TO_COMMIT_2_OR_MORE_FOULS,16,0,0.625,0.625,0.635,1.0,0.625,0.635,0.131181,0.131181,1.83,0.546448,7.6231,-75.9939,2,NegBin
J. Egan,hull-city,Neutral,fouls-committed,PLAYER_TO_COMMIT_1_OR_MORE_FOULS,27,0,0.5185,0.5185,0.5285,1.0,0.5185,0.5285,0.401651,0.401651,1.53,0.653595,2.4897,-38.5473,1,NegBin
J. Egan,hull-city,Neutral,fouls-committed,PLAYER_TO_COMMIT_2_OR_MORE_FOULS,27,0,0.5185,0.5185,0.5285,1.0,0.5185,0.5285,0.097267,0.097267,3.5,0.285714,10.281,-65.9566,2,NegBin
D. Gyabi,hull-city,Neutral,fouls-committed,PLAYER_TO_COMMIT_1_OR_MORE_FOULS,3,0,1.0,1.0,1.01,1.0,1.0,1.01,0.630289,0.630289,1.16,0.862069,1.5866,-26.8865,1,NegBin
D. Gyabi,hull-city,Neutral,fouls-committed,PLAYER_TO_COMMIT_2_OR_MORE_FOULS,3,0,1.0,1.0,1.01,1.0,1.0,1.01,0.264238,0.264238,1.72,0.581395,3.7845,-54.551,2,NegBin
M. Jacob,hull-city,Neutral,fouls-committed,PLAYER_TO_COMMIT_1_OR_MORE_FOULS,3,0,0.6667,0.6667,0.6767,1.0,0.6667,0.6767,0.484035,0.484035,1.33,0.75188,2.066,-35.6234,1,NegBin
M. Jacob,hull-city,Neutral,fouls-committed,PLAYER_TO_COMMIT_2_OR_MORE_FOULS,3,0,0.6667,0.6667,0.6767,1.0,0.6667,0.6767,0.145142,0.145142,2.62,0.381679,6.8898,-61.9729,2,NegBin
K. Dowell,hull-city,Neutral,fouls-committed,PLAYER_TO_COMMIT_1_OR_MORE_FOULS,6,0,0.6667,0.6667,0.6767,1.0,0.6667,0.6767,0.484035,0.484035,1.22,0.819672,2.066,-40.9477,1,NegBin
K. Dowell,hull-city,Neutral,fouls-committed,PLAYER_TO_COMMIT_2_OR_MORE_FOULS,6,0,0.6667,0.6667,0.6767,1.0,0.6667,0.6767,0.145142,0.145142,2.0,0.5,6.8898,-70.9717,2,NegBin
L. Millar,hull-city,Neutral,fouls-committed,PLAYER_TO_COMMIT_1_OR_MORE_FOULS,27,0,0.4074,0.4074,0.4174,1.0,0.4074,0.4174,0.331345,0.331345,1.44,0.694444,3.018,-52.2863,1,NegBin
L. Millar,hull-city,Neutral,fouls-committed,PLAYER_TO_COMMIT_2_OR_MORE_FOULS,27,0,0.4074,0.4074,0.4174,1.0,0.4074,0.4174,0.065457,0.065457,3.0,0.333333,15.2772,-80.3629,2,NegBin
R. Giles,hull-city,Neutral,fouls-committed,PLAYER_TO_COMMIT_1_OR_MORE_FOULS,12,0,0.3333,0.3333,0.3433,1.0,0.3333,0.3433,0.279947,0.279947,1.83,0.546448,3.5721,-48.7696,1,NegBin
R. Giles,hull-city,Neutral,fouls-committed,PLAYER_TO_COMMIT_2_OR_MORE_FOULS,12,0,0.3333,0.3333,0.3433,1.0,0.3333,0.3433,0.046921,0.046921,5.5,0.181818,21.3125,-74.1936,2,NegBin
S. Ajayi,hull-city,Neutral,fouls-committed,PLAYER_TO_COMMIT_1_OR_MORE_FOULS,12,0,0.25,0.25,0.26,1.0,0.25,0.26,0.217397,0.217397,1.33,0.75188,4.5999,-71.0862,1,NegBin
S. Ajayi,hull-city,Neutral,fouls-committed,PLAYER_TO_COMMIT_2_OR_MORE_FOULS,12,0,0.25,0.25,0.26,1.0,0.25,0.26,0.029271,0.029271,2.62,0.381679,34.1635,-92.331,2,NegBin
C. Drameh,hull-city,Neutral,fouls-committed,PLAYER_TO_COMMIT_1_OR_MORE_FOULS,10,0,0.3,0.3,0.4556,1.0,0.3,0.4556,0.2147,0.2147,1.33,0.75188,4.6577,-71.4449,1,NegBin
C. Drameh,hull-city,Neutral,fouls-committed,PLAYER_TO_COMMIT_2_OR_MORE_FOULS,10,0,0.3,0.3,0.4556,1.0,0.3,0.4556,0.059556,0.059556,2.62,0.381679,16.791,-84.3964,2,NegBin
C. McCarthy,hull-city,Neutral,fouls-committed,PLAYER_TO_COMMIT_1_OR_MORE_FOULS,4,0,0.25,0.25,0.26,1.0,0.25,0.26,0.217397,0.217397,1.2,0.833333,4.5999,-73.9124,1,NegBin
C. McCarthy,hull-city,Neutral,fouls-committed,PLAYER_TO_COMMIT_2_OR_MORE_FOULS,4,0,0.25,0.25,0.26,1.0,0.25,0.26,0.029271,0.029271,1.83,0.546448,34.1635,-94.6434,2,NegBin
I. Pandur,hull-city,Neutral,yellow-cards,TO_BE_BOOKED,27,0,0.1852,0.1852,0.1952,1.0,0.1852,0.1952,0.185185,0.185185,4.75,0.210526,5.4,-12.037,1,Bernoulli-YC
D. Phillips,hull-city,Neutral,yellow-cards,TO_BE_BOOKED,3,0,0.0,0.01,0.02,1.0,0.01,0.02,0.01,0.01,6.0,0.166667,100.0,-94.0,1,Bernoulli-YC
O. McBurnie,hull-city,Neutral,fouls-drawn,PLAYER_TO_WIN_1_OR_MORE_FOULS,28,0,1.1071,1.1071,1.1362,1.0,1.1071,1.1362,0.664738,0.664738,1.36,0.735294,1.5044,-9.5956,1,NegBin
O. McBurnie,hull-city,Neutral,fouls-drawn,PLAYER_TO_WIN_2_OR_MORE_FOULS,28,0,1.1071,1.1071,1.1362,1.0,1.1071,1.1362,0.303061,0.303061,2.62,0.381679,3.2997,-20.5979,2,NegBin
Y. Hirakawa,hull-city,Neutral,fouls-drawn,PLAYER_TO_WIN_1_OR_MORE_FOULS,7,0,1.0,1.0,2.0,1.0,1.0,2.0,0.5,0.5,1.11,0.900901,2.0,-44.5,1,NegBin
Y. Hirakawa,hull-city,Neutral,fouls-drawn,PLAYER_TO_WIN_2_OR_MORE_FOULS,7,0,1.0,1.0,2.0,1.0,1.0,2.0,0.25,0.25,1.57,0.636943,4.0,-60.75,2,NegBin
A. Famewo,hull-city,Neutral,fouls-drawn,PLAYER_TO_WIN_1_OR_MORE_FOULS,10,0,1.1,1.1,1.11,1.0,1.1,1.11,0.66547,0.66547,1.9,0.526316,1.5027,26.4394,1,NegBin
A. Famewo,hull-city,Neutral,fouls-drawn,PLAYER_TO_WIN_2_OR_MORE_FOULS,10,0,1.1,1.1,1.11,1.0,1.1,1.11,0.300803,0.300803,6.0,0.166667,3.3244,80.4819,2,NegBin
L. Millar,hull-city,Neutral,fouls-drawn,PLAYER_TO_WIN_1_OR_MORE_FOULS,27,0,0.963,0.963,1.3447,1.0,0.963,1.3447,0.555636,0.555636,1.5,0.666667,1.7997,-16.6545,1,NegBin
L. Millar,hull-city,Neutral,fouls-drawn,PLAYER_TO_WIN_2_OR_MORE_FOULS,27,0,0.963,0.963,1.3447,1.0,0.963,1.3447,0.249212,0.249212,3.4,0.294118,4.0126,-15.2678,2,NegBin
L. Coyle,hull-city,Neutral,fouls-drawn,PLAYER_TO_WIN_1_OR_MORE_FOULS,28,0,0.9643,0.9643,1.5172,1.0,0.9643,1.5172,0.533368,0.533368,1.36,0.735294,1.8749,-27.462,1,NegBin
L. Coyle,hull-city,Neutral,fouls-drawn,PLAYER_TO_WIN_2_OR_MORE_FOULS,28,0,0.9643,0.9643,1.5172,1.0,0.9643,1.5172,0.247382,0.247382,2.62,0.381679,4.0423,-35.1859,2,NegBin
P. James Coleman McNair,hull-city,Neutral,fouls-drawn,PLAYER_TO_WIN_1_OR_MORE_FOULS,10,0,1.2,1.2,1.21,1.0,1.2,1.21,0.697304,0.697304,1.72,0.581395,1.4341,19.9364,1,NegBin
P. James Coleman McNair,hull-city,Neutral,fouls-drawn,PLAYER_TO_WIN_2_OR_MORE_FOULS,10,0,1.2,1.2,1.21,1.0,1.2,1.21,0.337072,0.337072,4.33,0.230947,2.9667,45.952,2,NegBin
S. Ajayi,hull-city,Neutral,fouls-drawn,PLAYER_TO_WIN_1_OR_MORE_FOULS,12,0,0.9167,0.9167,1.5379,1.0,0.9167,1.5379,0.503354,0.503354,1.57,0.636943,1.9867,-20.9734,1,NegBin
S. Ajayi,hull-city,Neutral,fouls-drawn,PLAYER_TO_WIN_2_OR_MORE_FOULS,12,0,0.9167,0.9167,1.5379,1.0,0.9167,1.5379,0.231993,0.231993,3.75,0.266667,4.3105,-13.0026,2,NegBin
J. Gelhardt,hull-city,Neutral,fouls-drawn,PLAYER_TO_WIN_1_OR_MORE_FOULS,21,0,0.9524,0.9524,0.9624,1.0,0.9524,0.9624,0.612258,0.612258,1.08,0.925926,1.6333,-33.8761,1,NegBin
J. Gelhardt,hull-city,Neutral,fouls-drawn,PLAYER_TO_WIN_2_OR_MORE_FOULS,21,0,0.9524,0.9524,0.9624,1.0,0.9524,0.9624,0.246817,0.246817,1.44,0.694444,4.0516,-64.4583,2,NegBin
R. Slater,hull-city,Neutral,fouls-drawn,PLAYER_TO_WIN_1_OR_MORE_FOULS,25,0,0.84,0.84,1.14,1.0,0.84,1.14,0.512399,0.512399,1.36,0.735294,1.9516,-30.3137,1,NegBin
R. Slater,hull-city,Neutral,fouls-drawn,PLAYER_TO_WIN_2_OR_MORE_FOULS,25,0,0.84,0.84,1.14,1.0,0.84,1.14,0.210599,0.210599,2.62,0.381679,4.7483,-44.8229,2,NegBin
A. Hadziahmetovic,hull-city,Neutral,fouls-drawn,PLAYER_TO_WIN_1_OR_MORE_FOULS,20,0,0.75,0.75,1.25,1.0,0.75,1.25,0.437114,0.437114,1.4,0.714286,2.2877,-38.804,1,NegBin
A. Hadziahmetovic,hull-city,Neutral,fouls-drawn,PLAYER_TO_WIN_2_OR_MORE_FOULS,20,0,0.75,0.75,1.25,1.0,0.75,1.25,0.183816,0.183816,2.75,0.363636,5.4402,-49.4506,2,NegBin
C. Hughes,hull-city,Neutral,fouls-drawn,PLAYER_TO_WIN_1_OR_MORE_FOULS,22,0,0.7273,0.7273,0.7373,1.0,0.7273,0.7373,0.514375,0.514375,1.57,0.636943,1.9441,-19.2432,1,NegBin
C. Hughes,hull-city,Neutral,fouls-drawn,PLAYER_TO_WIN_2_OR_MORE_FOULS,22,0,0.7273,0.7273,0.7373,1.0,0.7273,0.7373,0.165983,0.165983,3.75,0.266667,6.0247,-37.7563,2,NegBin
J. Egan,hull-city,Neutral,fouls-drawn,PLAYER_TO_WIN_1_OR_MORE_FOULS,27,0,0.7037,0.7037,0.9088,1.0,0.7037,0.9088,0.460726,0.460726,1.4,0.714286,2.1705,-35.4983,1,NegBin
J. Egan,hull-city,Neutral,fouls-drawn,PLAYER_TO_WIN_2_OR_MORE_FOULS,27,0,0.7037,0.7037,0.9088,1.0,0.7037,0.9088,0.16689,0.16689,2.75,0.363636,5.992,-54.1052,2,NegBin
K. Joseph,hull-city,Neutral,fouls-drawn,PLAYER_TO_WIN_1_OR_MORE_FOULS,20,0,0.75,0.75,0.8289,1.0,0.75,0.8289,0.509875,0.509875,1.3,0.769231,1.9613,-33.7163,1,NegBin
K. Joseph,hull-city,Neutral,fouls-drawn,PLAYER_TO_WIN_2_OR_MORE_FOULS,20,0,0.75,0.75,0.8289,1.0,0.75,0.8289,0.17729,0.17729,2.37,0.421941,5.6405,-57.9823,2,NegBin
D. Gyabi,hull-city,Neutral,fouls-drawn,PLAYER_TO_WIN_1_OR_MORE_FOULS,3,0,1.0,1.0,1.01,1.0,1.0,1.01,0.630289,0.630289,1.4,0.714286,1.5866,-11.7596,1,NegBin
D. Gyabi,hull-city,Neutral,fouls-drawn,PLAYER_TO_WIN_2_OR_MORE_FOULS,3,0,1.0,1.0,1.01,1.0,1.0,1.01,0.264238,0.264238,2.75,0.363636,3.7845,-27.3345,2,NegBin
M. Jacob,hull-city,Neutral,fouls-drawn,PLAYER_TO_WIN_1_OR_MORE_FOULS,3,0,0.6667,0.6667,0.6767,1.0,0.6667,0.6767,0.484035,0.484035,1.36,0.735294,2.066,-34.1713,1,NegBin
M. Jacob,hull-city,Neutral,fouls-drawn,PLAYER_TO_WIN_2_OR_MORE_FOULS,3,0,0.6667,0.6667,0.6767,1.0,0.6667,0.6767,0.145142,0.145142,2.62,0.381679,6.8898,-61.9729,2,NegBin
C. Drameh,hull-city,Neutral,fouls-drawn,PLAYER_TO_WIN_1_OR_MORE_FOULS,10,0,0.6,0.6,0.61,1.0,0.6,0.61,0.448468,0.448468,1.83,0.546448,2.2298,-17.9304,1,NegBin
C. Drameh,hull-city,Neutral,fouls-drawn,PLAYER_TO_WIN_2_OR_MORE_FOULS,10,0,0.6,0.6,0.61,1.0,0.6,0.61,0.122973,0.122973,5.0,0.2,8.1319,-38.5134,2,NegBin
C. McCarthy,hull-city,Neutral,fouls-drawn,PLAYER_TO_WIN_1_OR_MORE_FOULS,4,0,0.75,0.75,0.9167,1.0,0.75,0.9167,0.491995,0.491995,1.72,0.581395,2.0325,-15.3769,1,NegBin
C. McCarthy,hull-city,Neutral,fouls-drawn,PLAYER_TO_WIN_2_OR_MORE_FOULS,4,0,0.75,0.75,0.9167,1.0,0.75,0.9167,0.180264,0.180264,4.33,0.230947,5.5474,-21.9455,2,NegBin
M. Crooks,hull-city,Neutral,fouls-drawn,PLAYER_TO_WIN_1_OR_MORE_FOULS,20,0,0.45,0.45,0.4711,1.0,0.45,0.4711,0.355829,0.355829,1.57,0.636943,2.8103,-44.1349,1,NegBin
M. Crooks,hull-city,Neutral,fouls-drawn,PLAYER_TO_WIN_2_OR_MORE_FOULS,20,0,0.45,0.45,0.4711,1.0,0.45,0.4711,0.078907,0.078907,3.75,0.266667,12.6731,-70.4098,2,NegBin
M. Belloumi,hull-city,Neutral,fouls-drawn,PLAYER_TO_WIN_1_OR_MORE_FOULS,11,0,0.4545,0.4545,0.4645,1.0,0.4545,0.4645,0.362128,0.362128,1.22,0.819672,2.7615,-55.8204,1,NegBin
M. Belloumi,hull-city,Neutral,fouls-drawn,PLAYER_TO_WIN_2_OR_MORE_FOULS,11,0,0.4545,0.4545,0.4645,1.0,0.4545,0.4645,0.078428,0.078428,2.0,0.5,12.7506,-84.3145,2,NegBin
L. Koumas,hull-city,Neutral,fouls-drawn,PLAYER_TO_WIN_1_OR_MORE_FOULS,11,0,0.4545,0.4545,0.4727,1.0,0.4545,0.4727,0.359618,0.359618,1.25,0.8,2.7807,-55.0478,1,NegBin
L. Koumas,hull-city,Neutral,fouls-drawn,PLAYER_TO_WIN_2_OR_MORE_FOULS,11,0,0.4545,0.4545,0.4727,1.0,0.4545,0.4727,0.07973,0.07973,2.2,0.454545,12.5423,-82.4593,2,NegBin
K. Dowell,hull-city,Neutral,fouls-drawn,PLAYER_TO_WIN_1_OR_MORE_FOULS,6,0,0.1667,0.1667,0.1767,1.0,0.1667,0.1767,0.149438,0.149438,1.5,0.666667,6.6917,-77.5843,1,NegBin
K. Dowell,hull-city,Neutral,fouls-drawn,PLAYER_TO_WIN_2_OR_MORE_FOULS,6,0,0.1667,0.1667,0.1767,1.0,0.1667,0.1767,0.015702,0.015702,3.4,0.294118,63.6864,-94.6613,2,NegBin
J. Lundstram,hull-city,Neutral,fouls-drawn,PLAYER_TO_WIN_1_OR_MORE_FOULS,16,0,0.1875,0.1875,0.2958,1.0,0.1875,0.2958,0.137557,0.137557,2.0,0.5,7.2697,-72.4886,1,NegBin
J. Lundstram,hull-city,Neutral,fouls-drawn,PLAYER_TO_WIN_2_OR_MORE_FOULS,16,0,0.1875,0.1875,0.2958,1.0,0.1875,0.2958,0.035066,0.035066,6.5,0.153846,28.5175,-77.207,2,NegBin
R. Giles,hull-city,Neutral,fouls-drawn,PLAYER_TO_WIN_1_OR_MORE_FOULS,12,0,0.1667,0.1667,0.1767,1.0,0.1667,0.1767,0.149438,0.149438,2.37,0.421941,6.6917,-64.5832,1,NegBin
R. Giles,hull-city,Neutral,fouls-drawn,PLAYER_TO_WIN_2_OR_MORE_FOULS,12,0,0.1667,0.1667,0.1767,1.0,0.1667,0.1767,0.015702,0.015702,8.0,0.125,63.6864,-87.4384,2,NegBin
O. McBurnie,hull-city,Neutral,xg,TO_SCORE,28,0,0.36,0.36,0.37,1.0,0.36,0.37,0.302324,0.302324,4.0,0.25,3.3077,20.9295,1,Poisson-xG
J. Gelhardt,hull-city,Neutral,xg,TO_SCORE,21,0,0.2286,0.2286,0.2386,1.0,0.2286,0.2386,0.204331,0.204331,4.0,0.25,4.894,-18.2678,1,Poisson-xG
K. Joseph,hull-city,Neutral,xg,TO_SCORE,20,0,0.2245,0.2245,0.2345,1.0,0.2245,0.2345,0.201084,0.201084,3.6,0.277778,4.973,-27.6096,1,Poisson-xG
M. Crooks,hull-city,Neutral,xg,TO_SCORE,20,0,0.1465,0.1465,0.1565,1.0,0.1465,0.1565,0.136274,0.136274,5.5,0.181818,7.3381,-25.0492,1,Poisson-xG
L. Millar,hull-city,Neutral,xg,TO_SCORE,27,0,0.153,0.153,0.163,1.0,0.153,0.163,0.141838,0.141838,5.5,0.181818,7.0503,-21.9888,1,Poisson-xG
M. Belloumi,hull-city,Neutral,xg,TO_SCORE,11,0,0.1618,0.1618,0.1718,1.0,0.1618,0.1718,0.149404,0.149404,4.75,0.210526,6.6933,-29.033,1,Poisson-xG
L. Koumas,hull-city,Neutral,xg,TO_SCORE,11,0,0.0955,0.0955,0.1055,1.0,0.0955,0.1055,0.09104,0.09104,5.5,0.181818,10.9841,-49.9278,1,Poisson-xG
D. Gyabi,hull-city,Neutral,xg,TO_SCORE,3,0,0.1233,0.1233,0.1333,1.0,0.1233,0.1333,0.116031,0.116031,9.5,0.105263,8.6184,10.2295,1,Poisson-xG
K. Dowell,hull-city,Neutral,xg,TO_SCORE,6,0,0.1117,0.1117,0.1217,1.0,0.1117,0.1217,0.105658,0.105658,5.5,0.181818,9.4645,-41.8883,1,Poisson-xG
R. Slater,hull-city,Neutral,xg,TO_SCORE,25,0,0.0608,0.0608,0.0708,1.0,0.0608,0.0708,0.058989,0.058989,7.0,0.142857,16.9524,-58.708,1,Poisson-xG
J. Egan,hull-city,Neutral,xg,TO_SCORE,27,0,0.0578,0.0578,0.0678,1.0,0.0578,0.0678,0.05614,0.05614,15.0,0.066667,17.8125,-15.7895,1,Poisson-xG
S. Ajayi,hull-city,Neutral,xg,TO_SCORE,12,0,0.0517,0.0517,0.0617,1.0,0.0517,0.0617,0.050355,0.050355,15.0,0.066667,19.8591,-24.468,1,Poisson-xG
C. McCarthy,hull-city,Neutral,xg,TO_SCORE,4,0,0.0275,0.0275,0.0375,1.0,0.0275,0.0375,0.027125,0.027125,19.0,0.052632,36.8659,-48.4619,1,Poisson-xG
C. Hughes,hull-city,Neutral,xg,TO_SCORE,22,0,0.0486,0.0486,0.0586,1.0,0.0486,0.0586,0.047473,0.047473,15.0,0.066667,21.0648,-28.7912,1,Poisson-xG
P. James Coleman McNair,hull-city,Neutral,xg,TO_SCORE,10,0,0.046,0.046,0.056,1.0,0.046,0.056,0.044958,0.044958,11.0,0.090909,22.243,-50.5462,1,Poisson-xG
J. Lundstram,hull-city,Neutral,xg,TO_SCORE,16,0,0.0419,0.0419,0.0519,1.0,0.0419,0.0519,0.04101,0.04101,9.5,0.105263,24.3841,-61.0402,1,Poisson-xG
A. Famewo,hull-city,Neutral,xg,TO_SCORE,10,0,0.022,0.022,0.032,1.0,0.022,0.032,0.02176,0.02176,15.0,0.066667,45.9564,-67.3604,1,Poisson-xG
Y. Hirakawa,hull-city,Neutral,xg,TO_SCORE,7,0,0.0243,0.0243,0.0343,1.0,0.0243,0.0343,0.023993,0.023993,5.5,0.181818,41.6785,-86.8037,1,Poisson-xG
C. Drameh,hull-city,Neutral,xg,TO_SCORE,10,0,0.02,0.02,0.03,1.0,0.02,0.03,0.019801,0.019801,13.0,0.076923,50.5017,-74.2583,1,Poisson-xG
L. Coyle,hull-city,Neutral,xg,TO_SCORE,28,0,0.01,0.01,0.02,1.0,0.01,0.02,0.00995,0.00995,13.0,0.076923,100.5008,-87.0648,1,Poisson-xG
R. Giles,hull-city,Neutral,xg,TO_SCORE,12,0,0.01,0.01,0.02,1.0,0.01,0.02,0.00995,0.00995,9.5,0.105263,100.5008,-90.5473,1,Poisson-xG
A. Hadziahmetovic,hull-city,Neutral,xg,TO_SCORE,20,0,0.004,0.01,0.02,1.0,0.01,0.02,0.00995,0.00995,8.5,0.117647,100.5008,-91.5424,1,Poisson-xG
M. Jacob,hull-city,Neutral,xg,TO_SCORE,3,0,0.0,0.01,0.02,1.0,0.01,0.02,0.00995,0.00995,9.5,0.105263,100.5008,-90.5473,1,Poisson-xG
M. Whittaker,middlesbrough,Neutral,total-shots,PLAYER_TO_HAVE_1_OR_MORE_SHOTS,24,0,3.1667,3.1667,5.1884,1.0,3.1667,5.1884,0.913618,0.913618,1.01,0.990099,1.0945,-7.7246,1,NegBin
M. Whittaker,middlesbrough,Neutral,total-shots,PLAYER_TO_HAVE_2_OR_MORE_SHOTS,24,0,3.1667,3.1667,5.1884,1.0,3.1667,5.1884,0.746664,0.746664,1.11,0.900901,1.3393,-17.1203,2,NegBin
H. Hackney,middlesbrough,Neutral,total-shots,PLAYER_TO_HAVE_1_OR_MORE_SHOTS,20,0,2.75,2.75,2.8289,1.0,2.75,2.8289,0.933547,0.933547,1.01,0.990099,1.0712,-5.7117,1,NegBin
H. Hackney,middlesbrough,Neutral,total-shots,PLAYER_TO_HAVE_2_OR_MORE_SHOTS,20,0,2.75,2.75,2.8289,1.0,2.75,2.8289,0.755902,0.755902,1.1,0.909091,1.3229,-16.8507,2,NegBin
R. McGree,middlesbrough,Neutral,total-shots,PLAYER_TO_HAVE_1_OR_MORE_SHOTS,18,0,2.2778,2.2778,3.0359,1.0,2.2778,3.0359,0.860012,0.860012,1.14,0.877193,1.1628,-1.9587,1,NegBin
R. McGree,middlesbrough,Neutral,total-shots,PLAYER_TO_HAVE_2_OR_MORE_SHOTS,18,0,2.2778,2.2778,3.0359,1.0,2.2778,3.0359,0.620779,0.620779,1.61,0.621118,1.6109,-0.0545,2,NegBin
L. Castledine,middlesbrough,Neutral,total-shots,PLAYER_TO_HAVE_1_OR_MORE_SHOTS,7,0,2.4286,2.4286,4.2857,1.0,2.4286,4.2857,0.835331,0.835331,1.03,0.970874,1.1971,-13.9609,1,NegBin
L. Castledine,middlesbrough,Neutral,total-shots,PLAYER_TO_HAVE_2_OR_MORE_SHOTS,7,0,2.4286,2.4286,4.2857,1.0,2.4286,4.2857,0.608715,0.608715,1.18,0.847458,1.6428,-28.1716,2,NegBin
A. Morris,middlesbrough,Neutral,total-shots,PLAYER_TO_HAVE_1_OR_MORE_SHOTS,26,0,1.6538,1.6538,1.7554,1.0,1.6538,1.7554,0.799123,0.799123,1.3,0.769231,1.2514,3.886,1,NegBin
A. Morris,middlesbrough,Neutral,total-shots,PLAYER_TO_HAVE_2_OR_MORE_SHOTS,26,0,1.6538,1.6538,1.7554,1.0,1.6538,1.7554,0.486121,0.486121,2.25,0.444444,2.0571,9.3772,2,NegBin
D. Strelec,middlesbrough,Neutral,total-shots,PLAYER_TO_HAVE_1_OR_MORE_SHOTS,20,0,1.6,1.6,1.61,1.0,1.6,1.61,0.797096,0.797096,1.02,0.980392,1.2546,-18.6962,1,NegBin
D. Strelec,middlesbrough,Neutral,total-shots,PLAYER_TO_HAVE_2_OR_MORE_SHOTS,20,0,1.6,1.6,1.61,1.0,1.6,1.61,0.474465,0.474465,1.16,0.862069,2.1076,-44.962,2,NegBin
C. Brittain,middlesbrough,Neutral,total-shots,PLAYER_TO_HAVE_1_OR_MORE_SHOTS,25,0,1.24,1.24,1.7733,1.0,1.24,1.7733,0.64349,0.64349,1.61,0.621118,1.554,3.6018,1,NegBin
C. Brittain,middlesbrough,Neutral,total-shots,PLAYER_TO_HAVE_2_OR_MORE_SHOTS,25,0,1.24,1.24,1.7733,1.0,1.24,1.7733,0.334371,0.334371,3.75,0.266667,2.9907,25.3892,2,NegBin
L. Ayling,middlesbrough,Neutral,total-shots,PLAYER_TO_HAVE_1_OR_MORE_SHOTS,29,0,1.069,1.069,1.079,1.0,1.069,1.079,0.654926,0.654926,1.53,0.653595,1.5269,0.2037,1,NegBin
L. Ayling,middlesbrough,Neutral,total-shots,PLAYER_TO_HAVE_2_OR_MORE_SHOTS,29,0,1.069,1.069,1.079,1.0,1.069,1.079,0.289473,0.289473,3.4,0.294118,3.4546,-1.5793,2,NegBin
M. Targett,middlesbrough,Neutral,total-shots,PLAYER_TO_HAVE_1_OR_MORE_SHOTS,29,0,1.0345,1.0345,1.1773,1.0,1.0345,1.1773,0.620544,0.620544,1.44,0.694444,1.6115,-10.6417,1,NegBin
M. Targett,middlesbrough,Neutral,total-shots,PLAYER_TO_HAVE_2_OR_MORE_SHOTS,29,0,1.0345,1.0345,1.1773,1.0,1.0345,1.1773,0.275634,0.275634,2.75,0.363636,3.628,-24.2007,2,NegBin
A. Browne,middlesbrough,Neutral,total-shots,PLAYER_TO_HAVE_1_OR_MORE_SHOTS,23,0,1.2174,1.2174,2.087,1.0,1.2174,2.087,0.600938,0.600938,1.2,0.833333,1.6641,-27.8875,1,NegBin
A. Browne,middlesbrough,Neutral,total-shots,PLAYER_TO_HAVE_2_OR_MORE_SHOTS,23,0,1.2174,1.2174,2.087,1.0,1.2174,2.087,0.317545,0.317545,1.83,0.546448,3.1492,-41.8892,2,NegBin
S. Hansen,middlesbrough,Neutral,total-shots,PLAYER_TO_HAVE_1_OR_MORE_SHOTS,4,0,1.5,1.5,1.51,1.0,1.5,1.51,0.775756,0.775756,1.06,0.943396,1.2891,-17.7698,1,NegBin
S. Hansen,middlesbrough,Neutral,total-shots,PLAYER_TO_HAVE_2_OR_MORE_SHOTS,4,0,1.5,1.5,1.51,1.0,1.5,1.51,0.441618,0.441618,1.3,0.769231,2.2644,-42.5896,2,NegBin
A. Gilbert,middlesbrough,Neutral,total-shots,PLAYER_TO_HAVE_1_OR_MORE_SHOTS,14,0,1.0,1.0,1.01,1.0,1.0,1.01,0.630289,0.630289,1.14,0.877193,1.5866,-28.1471,1,NegBin
A. Gilbert,middlesbrough,Neutral,total-shots,PLAYER_TO_HAVE_2_OR_MORE_SHOTS,14,0,1.0,1.0,1.01,1.0,1.0,1.01,0.264238,0.264238,1.61,0.621118,3.7845,-57.4577,2,NegBin
J. Sarmiento,middlesbrough,Neutral,total-shots,PLAYER_TO_HAVE_1_OR_MORE_SHOTS,11,0,1.0,1.0,1.01,1.0,1.0,1.01,0.630289,0.630289,1.06,0.943396,1.5866,-33.1894,1,NegBin
J. Sarmiento,middlesbrough,Neutral,total-shots,PLAYER_TO_HAVE_2_OR_MORE_SHOTS,11,0,1.0,1.0,1.01,1.0,1.0,1.01,0.264238,0.264238,1.3,0.769231,3.7845,-65.649,2,NegBin
D. Fry,middlesbrough,Neutral,total-shots,PLAYER_TO_HAVE_1_OR_MORE_SHOTS,15,0,0.8667,0.8667,2.1238,1.0,0.8667,2.1238,0.414637,0.414637,1.53,0.653595,2.4117,-36.5605,1,NegBin
D. Fry,middlesbrough,Neutral,total-shots,PLAYER_TO_HAVE_2_OR_MORE_SHOTS,15,0,0.8667,0.8667,2.1238,1.0,0.8667,2.1238,0.207617,0.207617,3.4,0.294118,4.8166,-29.4103,2,NegBin
A. Bangura,middlesbrough,Neutral,total-shots,PLAYER_TO_HAVE_1_OR_MORE_SHOTS,5,0,0.6,0.6,0.61,1.0,0.6,0.61,0.448468,0.448468,1.61,0.621118,2.2298,-27.7967,1,NegBin
A. Bangura,middlesbrough,Neutral,total-shots,PLAYER_TO_HAVE_2_OR_MORE_SHOTS,5,0,0.6,0.6,0.61,1.0,0.6,0.61,0.122973,0.122973,3.75,0.266667,8.1319,-53.885,2,NegBin
A. Malanda,middlesbrough,Neutral,total-shots,PLAYER_TO_HAVE_1_OR_MORE_SHOTS,24,0,0.4167,0.4167,0.4267,1.0,0.4167,0.4267,0.337507,0.337507,1.83,0.546448,2.9629,-38.2362,1,NegBin
A. Malanda,middlesbrough,Neutral,total-shots,PLAYER_TO_HAVE_2_OR_MORE_SHOTS,24,0,0.4167,0.4167,0.4267,1.0,0.4167,0.4267,0.067938,0.067938,5.0,0.2,14.7193,-66.0311,2,NegBin
K. Sene,middlesbrough,Neutral,total-shots,PLAYER_TO_HAVE_1_OR_MORE_SHOTS,5,0,0.4,0.4,0.41,1.0,0.4,0.41,0.326375,0.326375,1.06,0.943396,3.064,-65.4042,1,NegBin
K. Sene,middlesbrough,Neutral,total-shots,PLAYER_TO_HAVE_2_OR_MORE_SHOTS,5,0,0.4,0.4,0.41,1.0,0.4,0.41,0.063497,0.063497,1.3,0.769231,15.7488,-91.7454,2,NegBin
S. Silvera,middlesbrough,Neutral,total-shots,PLAYER_TO_HAVE_1_OR_MORE_SHOTS,5,0,0.6,0.6,0.8,1.0,0.6,0.8,0.404187,0.404187,1.18,0.847458,2.4741,-52.306,1,NegBin
S. Silvera,middlesbrough,Neutral,total-shots,PLAYER_TO_HAVE_2_OR_MORE_SHOTS,5,0,0.6,0.6,0.8,1.0,0.6,0.8,0.136071,0.136071,1.8,0.555556,7.3491,-75.5073,2,NegBin
H. Hackney,middlesbrough,Neutral,shots-on-target,PLAYER_TO_HAVE_1_OR_MORE_SHOTS_ON_TARGET,20,0,0.85,0.85,0.86,1.0,0.85,0.86,0.570459,0.570459,1.33,0.75188,1.753,-24.1289,1,NegBin
H. Hackney,middlesbrough,Neutral,shots-on-target,PLAYER_TO_HAVE_2_OR_MORE_SHOTS_ON_TARGET,20,0,0.85,0.85,0.86,1.0,0.85,0.86,0.209595,0.209595,2.62,0.381679,4.7711,-45.086,2,NegBin
M. Whittaker,middlesbrough,Neutral,shots-on-target,PLAYER_TO_HAVE_1_OR_MORE_SHOTS_ON_TARGET,24,0,0.8333,0.8333,0.8433,1.0,0.8333,0.8433,0.563241,0.563241,1.25,0.8,1.7754,-29.5949,1,NegBin
M. Whittaker,middlesbrough,Neutral,shots-on-target,PLAYER_TO_HAVE_2_OR_MORE_SHOTS_ON_TARGET,24,0,0.8333,0.8333,0.8433,1.0,0.8333,0.8433,0.20359,0.20359,2.1,0.47619,4.9118,-57.246,2,NegBin
D. Strelec,middlesbrough,Neutral,shots-on-target,PLAYER_TO_HAVE_1_OR_MORE_SHOTS_ON_TARGET,20,0,0.85,0.85,1.0816,1.0,0.85,1.0816,0.52844,0.52844,1.33,0.75188,1.8924,-29.7175,1,NegBin
D. Strelec,middlesbrough,Neutral,shots-on-target,PLAYER_TO_HAVE_2_OR_MORE_SHOTS_ON_TARGET,20,0,0.85,0.85,1.0816,1.0,0.85,1.0816,0.213435,0.213435,2.62,0.381679,4.6853,-44.08,2,NegBin
L. Castledine,middlesbrough,Neutral,shots-on-target,PLAYER_TO_HAVE_1_OR_MORE_SHOTS_ON_TARGET,7,0,0.7143,0.7143,0.7243,1.0,0.7143,0.7243,0.508027,0.508027,1.36,0.735294,1.9684,-30.9083,1,NegBin
L. Castledine,middlesbrough,Neutral,shots-on-target,PLAYER_TO_HAVE_2_OR_MORE_SHOTS_ON_TARGET,7,0,0.7143,0.7143,0.7243,1.0,0.7143,0.7243,0.16147,0.16147,2.75,0.363636,6.1931,-55.5958,2,NegBin
R. McGree,middlesbrough,Neutral,shots-on-target,PLAYER_TO_HAVE_1_OR_MORE_SHOTS_ON_TARGET,18,0,0.7222,0.7222,0.7322,1.0,0.7222,0.7322,0.511916,0.511916,1.83,0.546448,1.9534,-6.3194,1,NegBin
R. McGree,middlesbrough,Neutral,shots-on-target,PLAYER_TO_HAVE_2_OR_MORE_SHOTS_ON_TARGET,18,0,0.7222,0.7222,0.7322,1.0,0.7222,0.7322,0.164225,0.164225,5.5,0.181818,6.0892,-9.6761,2,NegBin
A. Morris,middlesbrough,Neutral,shots-on-target,PLAYER_TO_HAVE_1_OR_MORE_SHOTS_ON_TARGET,26,0,0.3846,0.3846,0.4062,1.0,0.3846,0.4062,0.312183,0.312183,3.0,0.333333,3.2033,-6.3452,1,NegBin
A. Morris,middlesbrough,Neutral,shots-on-target,PLAYER_TO_HAVE_2_OR_MORE_SHOTS_ON_TARGET,26,0,0.3846,0.3846,0.4062,1.0,0.3846,0.4062,0.061667,0.061667,13.0,0.076923,16.2163,-19.8335,2,NegBin
M. Targett,middlesbrough,Neutral,shots-on-target,PLAYER_TO_HAVE_1_OR_MORE_SHOTS_ON_TARGET,29,0,0.3448,0.3448,0.3548,1.0,0.3448,0.3548,0.288174,0.288174,2.75,0.363636,3.4701,-20.7521,1,NegBin
M. Targett,middlesbrough,Neutral,shots-on-target,PLAYER_TO_HAVE_2_OR_MORE_SHOTS_ON_TARGET,29,0,0.3448,0.3448,0.3548,1.0,0.3448,0.3548,0.049635,0.049635,13.0,0.076923,20.1472,-35.4748,2,NegBin
C. Brittain,middlesbrough,Neutral,shots-on-target,PLAYER_TO_HAVE_1_OR_MORE_SHOTS_ON_TARGET,25,0,0.32,0.32,0.33,1.0,0.32,0.33,0.270285,0.270285,3.4,0.294118,3.6998,-8.103,1,NegBin
C. Brittain,middlesbrough,Neutral,shots-on-target,PLAYER_TO_HAVE_2_OR_MORE_SHOTS_ON_TARGET,25,0,0.32,0.32,0.33,1.0,0.32,0.33,0.043853,0.043853,17.0,0.058824,22.8036,-25.4503,2,NegBin
A. Browne,middlesbrough,Neutral,shots-on-target,PLAYER_TO_HAVE_1_OR_MORE_SHOTS_ON_TARGET,23,0,0.3478,0.3478,0.419,1.0,0.3478,0.419,0.271279,0.271279,2.1,0.47619,3.6862,-43.0315,1,NegBin
A. Browne,middlesbrough,Neutral,shots-on-target,PLAYER_TO_HAVE_2_OR_MORE_SHOTS_ON_TARGET,23,0,0.3478,0.3478,0.419,1.0,0.3478,0.419,0.060852,0.060852,7.0,0.142857,16.4333,-57.4036,2,NegBin
A. Bangura,middlesbrough,Neutral,shots-on-target,PLAYER_TO_HAVE_1_OR_MORE_SHOTS_ON_TARGET,5,0,0.6,0.6,0.61,1.0,0.6,0.61,0.448468,0.448468,3.4,0.294118,2.2298,52.479,1,NegBin
A. Bangura,middlesbrough,Neutral,shots-on-target,PLAYER_TO_HAVE_2_OR_MORE_SHOTS_ON_TARGET,5,0,0.6,0.6,0.61,1.0,0.6,0.61,0.122973,0.122973,17.0,0.058824,8.1319,109.0545,2,NegBin
S. Hansen,middlesbrough,Neutral,shots-on-target,PLAYER_TO_HAVE_1_OR_MORE_SHOTS_ON_TARGET,4,0,0.5,0.5,1.0,1.0,0.5,1.0,0.292893,0.292893,1.5,0.666667,3.4142,-56.066,1,NegBin
S. Hansen,middlesbrough,Neutral,shots-on-target,PLAYER_TO_HAVE_2_OR_MORE_SHOTS_ON_TARGET,4,0,0.5,0.5,1.0,1.0,0.5,1.0,0.116117,0.116117,3.5,0.285714,8.612,-59.3592,2,NegBin
D. Fry,middlesbrough,Neutral,shots-on-target,PLAYER_TO_HAVE_1_OR_MORE_SHOTS_ON_TARGET,15,0,0.3333,0.3333,0.381,1.0,0.3333,0.381,0.267706,0.267706,3.4,0.294118,3.7354,-8.9799,1,NegBin
D. Fry,middlesbrough,Neutral,shots-on-target,PLAYER_TO_HAVE_2_OR_MORE_SHOTS_ON_TARGET,15,0,0.3333,0.3333,0.381,1.0,0.3333,0.381,0.05412,0.05412,17.0,0.058824,18.4774,-7.9955,2,NegBin
A. Gilbert,middlesbrough,Neutral,shots-on-target,PLAYER_TO_HAVE_1_OR_MORE_SHOTS_ON_TARGET,14,0,0.2857,0.2857,0.2957,1.0,0.2857,0.2957,0.244842,0.244842,1.83,0.546448,4.0843,-55.194,1,NegBin
A. Gilbert,middlesbrough,Neutral,shots-on-target,PLAYER_TO_HAVE_2_OR_MORE_SHOTS_ON_TARGET,14,0,0.2857,0.2857,0.2957,1.0,0.2857,0.2957,0.036378,0.036378,5.5,0.181818,27.4888,-79.9918,2,NegBin
S. Silvera,middlesbrough,Neutral,shots-on-target,PLAYER_TO_HAVE_1_OR_MORE_SHOTS_ON_TARGET,5,0,0.4,0.4,0.41,1.0,0.4,0.41,0.326375,0.326375,2.0,0.5,3.064,-34.725,1,NegBin
S. Silvera,middlesbrough,Neutral,shots-on-target,PLAYER_TO_HAVE_2_OR_MORE_SHOTS_ON_TARGET,5,0,0.4,0.4,0.41,1.0,0.4,0.41,0.063497,0.063497,6.5,0.153846,15.7488,-58.7269,2,NegBin
L. Ayling,middlesbrough,Neutral,shots-on-target,PLAYER_TO_HAVE_1_OR_MORE_SHOTS_ON_TARGET,29,0,0.1724,0.1724,0.1824,1.0,0.1724,0.1824,0.154307,0.154307,3.4,0.294118,6.4806,-47.5356,1,NegBin
L. Ayling,middlesbrough,Neutral,shots-on-target,PLAYER_TO_HAVE_2_OR_MORE_SHOTS_ON_TARGET,29,0,0.1724,0.1724,0.1824,1.0,0.1724,0.1824,0.016491,0.016491,17.0,0.058824,60.6377,-71.9646,2,NegBin
J. Sarmiento,middlesbrough,Neutral,shots-on-target,PLAYER_TO_HAVE_1_OR_MORE_SHOTS_ON_TARGET,11,0,0.2727,0.2727,0.2827,1.0,0.2727,0.2827,0.234975,0.234975,1.5,0.666667,4.2558,-64.7538,1,NegBin
J. Sarmiento,middlesbrough,Neutral,shots-on-target,PLAYER_TO_HAVE_2_OR_MORE_SHOTS_ON_TARGET,11,0,0.2727,0.2727,0.2827,1.0,0.2727,0.2827,0.033711,0.033711,3.5,0.285714,29.6639,-88.2012,2,NegBin
A. Malanda,middlesbrough,Neutral,shots-on-target,PLAYER_TO_HAVE_1_OR_MORE_SHOTS_ON_TARGET,24,0,0.125,0.125,0.135,1.0,0.125,0.135,0.113303,0.113303,3.75,0.266667,8.8259,-57.5115,1,NegBin
A. Malanda,middlesbrough,Neutral,shots-on-target,PLAYER_TO_HAVE_2_OR_MORE_SHOTS_ON_TARGET,24,0,0.125,0.125,0.135,1.0,0.125,0.135,0.010676,0.010676,21.0,0.047619,93.6706,-77.581,2,NegBin
K. Sene,middlesbrough,Neutral,shots-on-target,PLAYER_TO_HAVE_1_OR_MORE_SHOTS_ON_TARGET,5,0,0.0,0.01,0.02,1.0,0.01,0.02,0.006908,0.006908,1.5,0.666667,144.7701,-98.9639,1,NegBin
K. Sene,middlesbrough,Neutral,shots-on-target,PLAYER_TO_HAVE_2_OR_MORE_SHOTS_ON_TARGET,5,0,0.0,0.01,0.02,1.0,0.01,0.02,0.001942,0.001942,3.5,0.285714,514.9219,-99.3203,2,NegBin
A. Morris,middlesbrough,Neutral,tackles,PLAYER_TO_HAVE_1_OR_MORE_TACKLES,26,0,2.3846,2.3846,3.9262,1.0,2.3846,3.9262,0.841072,0.841072,1.05,0.952381,1.189,-11.6874,1,NegBin
A. Morris,middlesbrough,Neutral,tackles,PLAYER_TO_HAVE_2_OR_MORE_TACKLES,26,0,2.3846,2.3846,3.9262,1.0,2.3846,3.9262,0.610892,0.610892,1.25,0.8,1.637,-23.6385,2,NegBin
L. Ayling,middlesbrough,Neutral,tackles,PLAYER_TO_HAVE_1_OR_MORE_TACKLES,29,0,2.069,2.069,2.6379,1.0,2.069,2.6379,0.839234,0.839234,1.06,0.943396,1.1916,-11.0411,1,NegBin
L. Ayling,middlesbrough,Neutral,tackles,PLAYER_TO_HAVE_2_OR_MORE_TACKLES,29,0,2.069,2.069,2.6379,1.0,2.069,2.6379,0.578357,0.578357,1.36,0.735294,1.729,-21.3434,2,NegBin
C. Brittain,middlesbrough,Neutral,tackles,PLAYER_TO_HAVE_1_OR_MORE_TACKLES,25,0,1.76,1.76,1.77,1.0,1.76,1.77,0.827096,0.827096,1.1,0.909091,1.209,-9.0194,1,NegBin
C. Brittain,middlesbrough,Neutral,tackles,PLAYER_TO_HAVE_2_OR_MORE_TACKLES,25,0,1.76,1.76,1.77,1.0,1.76,1.77,0.524504,0.524504,1.5,0.666667,1.9066,-21.3244,2,NegBin
H. Hackney,middlesbrough,Neutral,tackles,PLAYER_TO_HAVE_1_OR_MORE_TACKLES,20,0,1.6,1.6,2.2526,1.0,1.6,2.2526,0.738651,0.738651,1.05,0.952381,1.3538,-22.4417,1,NegBin
H. Hackney,middlesbrough,Neutral,tackles,PLAYER_TO_HAVE_2_OR_MORE_TACKLES,20,0,1.6,1.6,2.2526,1.0,1.6,2.2526,0.44164,0.44164,1.28,0.78125,2.2643,-43.47,2,NegBin
M. Targett,middlesbrough,Neutral,tackles,PLAYER_TO_HAVE_1_OR_MORE_TACKLES,29,0,1.4138,1.4138,1.4655,1.0,1.4138,1.4655,0.750562,0.750562,1.11,0.900901,1.3323,-16.6876,1,NegBin
M. Targett,middlesbrough,Neutral,tackles,PLAYER_TO_HAVE_2_OR_MORE_TACKLES,29,0,1.4138,1.4138,1.4655,1.0,1.4138,1.4655,0.410355,0.410355,1.57,0.636943,2.4369,-35.5743,2,NegBin
M. Whittaker,middlesbrough,Neutral,tackles,PLAYER_TO_HAVE_1_OR_MORE_TACKLES,24,0,1.1667,1.1667,1.1767,1.0,1.1667,1.1767,0.687045,0.687045,1.28,0.78125,1.4555,-12.0583,1,NegBin
M. Whittaker,middlesbrough,Neutral,tackles,PLAYER_TO_HAVE_2_OR_MORE_TACKLES,24,0,1.1667,1.1667,1.1767,1.0,1.1667,1.1767,0.325033,0.325033,2.2,0.454545,3.0766,-28.4927,2,NegBin
A. Malanda,middlesbrough,Neutral,tackles,PLAYER_TO_HAVE_1_OR_MORE_TACKLES,24,0,1.0,1.0,1.01,1.0,1.0,1.01,0.630289,0.630289,1.22,0.819672,1.5866,-23.1048,1,NegBin
A. Malanda,middlesbrough,Neutral,tackles,PLAYER_TO_HAVE_2_OR_MORE_TACKLES,24,0,1.0,1.0,1.01,1.0,1.0,1.01,0.264238,0.264238,1.9,0.526316,3.7845,-49.7948,2,NegBin
R. McGree,middlesbrough,Neutral,tackles,PLAYER_TO_HAVE_1_OR_MORE_TACKLES,18,0,0.9444,0.9444,0.9544,1.0,0.9444,0.9544,0.609169,0.609169,1.16,0.862069,1.6416,-29.3364,1,NegBin
R. McGree,middlesbrough,Neutral,tackles,PLAYER_TO_HAVE_2_OR_MORE_TACKLES,18,0,0.9444,0.9444,0.9544,1.0,0.9444,0.9544,0.243918,0.243918,1.8,0.555556,4.0997,-56.0948,2,NegBin
A. Browne,middlesbrough,Neutral,tackles,PLAYER_TO_HAVE_1_OR_MORE_TACKLES,23,0,1.087,1.087,1.1739,1.0,1.087,1.1739,0.648542,0.648542,1.1,0.909091,1.5419,-28.6603,1,NegBin
A. Browne,middlesbrough,Neutral,tackles,PLAYER_TO_HAVE_2_OR_MORE_TACKLES,23,0,1.087,1.087,1.1739,1.0,1.087,1.1739,0.294821,0.294821,1.5,0.666667,3.3919,-55.7768,2,NegBin
A. Gilbert,middlesbrough,Neutral,tackles,PLAYER_TO_HAVE_1_OR_MORE_TACKLES,14,0,1.0714,1.0714,1.0814,1.0,1.0714,1.0814,0.655775,0.655775,1.1,0.909091,1.5249,-27.8648,1,NegBin
A. Gilbert,middlesbrough,Neutral,tackles,PLAYER_TO_HAVE_2_OR_MORE_TACKLES,14,0,1.0714,1.0714,1.0814,1.0,1.0714,1.0814,0.290373,0.290373,1.5,0.666667,3.4438,-56.4441,2,NegBin
S. Silvera,middlesbrough,Neutral,tackles,PLAYER_TO_HAVE_1_OR_MORE_TACKLES,5,0,1.0,1.0,1.01,1.0,1.0,1.01,0.630289,0.630289,1.36,0.735294,1.5866,-14.2807,1,NegBin
S. Silvera,middlesbrough,Neutral,tackles,PLAYER_TO_HAVE_2_OR_MORE_TACKLES,5,0,1.0,1.0,1.01,1.0,1.0,1.01,0.264238,0.264238,2.62,0.381679,3.7845,-30.7696,2,NegBin
D. Fry,middlesbrough,Neutral,tackles,PLAYER_TO_HAVE_1_OR_MORE_TACKLES,15,0,0.8,0.8,0.81,1.0,0.8,0.81,0.548437,0.548437,1.36,0.735294,1.8234,-25.4125,1,NegBin
D. Fry,middlesbrough,Neutral,tackles,PLAYER_TO_HAVE_2_OR_MORE_TACKLES,15,0,0.8,0.8,0.81,1.0,0.8,0.81,0.191647,0.191647,2.62,0.381679,5.2179,-49.7884,2,NegBin
A. Bangura,middlesbrough,Neutral,tackles,PLAYER_TO_HAVE_1_OR_MORE_TACKLES,5,0,0.6,0.6,0.8,1.0,0.6,0.8,0.404187,0.404187,1.2,0.833333,2.4741,-51.4976,1,NegBin
A. Bangura,middlesbrough,Neutral,tackles,PLAYER_TO_HAVE_2_OR_MORE_TACKLES,5,0,0.6,0.6,0.8,1.0,0.6,0.8,0.136071,0.136071,1.83,0.546448,7.3491,-75.0991,2,NegBin
J. Sarmiento,middlesbrough,Neutral,tackles,PLAYER_TO_HAVE_1_OR_MORE_TACKLES,11,0,0.7273,0.7273,0.7373,1.0,0.7273,0.7373,0.514375,0.514375,1.05,0.952381,1.9441,-45.9906,1,NegBin
J. Sarmiento,middlesbrough,Neutral,tackles,PLAYER_TO_HAVE_2_OR_MORE_TACKLES,11,0,0.7273,0.7273,0.7373,1.0,0.7273,0.7373,0.165983,0.165983,1.25,0.8,6.0247,-79.2521,2,NegBin
K. Sene,middlesbrough,Neutral,tackles,PLAYER_TO_HAVE_1_OR_MORE_TACKLES,5,0,0.8,0.8,0.81,1.0,0.8,0.81,0.548437,0.548437,1.28,0.78125,1.8234,-29.8,1,NegBin
K. Sene,middlesbrough,Neutral,tackles,PLAYER_TO_HAVE_2_OR_MORE_TACKLES,5,0,0.8,0.8,0.81,1.0,0.8,0.81,0.191647,0.191647,2.2,0.454545,5.2179,-57.8376,2,NegBin
D. Strelec,middlesbrough,Neutral,tackles,PLAYER_TO_HAVE_1_OR_MORE_TACKLES,20,0,0.35,0.35,0.36,1.0,0.35,0.36,0.291846,0.291846,1.4,0.714286,3.4265,-59.1416,1,NegBin
D. Strelec,middlesbrough,Neutral,tackles,PLAYER_TO_HAVE_2_OR_MORE_TACKLES,20,0,0.35,0.35,0.36,1.0,0.35,0.36,0.050877,0.050877,2.75,0.363636,19.6554,-86.009,2,NegBin
L. Castledine,middlesbrough,Neutral,tackles,PLAYER_TO_HAVE_1_OR_MORE_TACKLES,7,0,0.1429,0.1429,0.1529,1.0,0.1429,0.1529,0.12897,0.12897,1.22,0.819672,7.7537,-84.2657,1,NegBin
L. Castledine,middlesbrough,Neutral,tackles,PLAYER_TO_HAVE_2_OR_MORE_TACKLES,7,0,0.1429,0.1429,0.1529,1.0,0.1429,0.1529,0.012678,0.012678,1.9,0.526316,78.8791,-97.5913,2,NegBin
S. Hansen,middlesbrough,Neutral,tackles,PLAYER_TO_HAVE_1_OR_MORE_TACKLES,4,0,0.25,0.25,0.26,1.0,0.25,0.26,0.217397,0.217397,1.44,0.694444,4.5999,-68.6949,1,NegBin
S. Hansen,middlesbrough,Neutral,tackles,PLAYER_TO_HAVE_2_OR_MORE_TACKLES,4,0,0.25,0.25,0.26,1.0,0.25,0.26,0.029271,0.029271,3.25,0.307692,34.1635,-90.4869,2,NegBin
H. Hackney,middlesbrough,Neutral,fouls-committed,PLAYER_TO_COMMIT_1_OR_MORE_FOULS,20,0,1.55,1.55,1.9447,1.0,1.55,1.9447,0.748627,0.748627,1.12,0.892857,1.3358,-16.1538,1,NegBin
H. Hackney,middlesbrough,Neutral,fouls-committed,PLAYER_TO_COMMIT_2_OR_MORE_FOULS,20,0,1.55,1.55,1.9447,1.0,1.55,1.9447,0.438084,0.438084,1.61,0.621118,2.2827,-29.4684,2,NegBin
A. Morris,middlesbrough,Neutral,fouls-committed,PLAYER_TO_COMMIT_1_OR_MORE_FOULS,26,0,0.9615,0.9615,0.9715,1.0,0.9615,0.9715,0.615793,0.615793,1.3,0.769231,1.6239,-19.947,1,NegBin
A. Morris,middlesbrough,Neutral,fouls-committed,PLAYER_TO_COMMIT_2_OR_MORE_FOULS,26,0,0.9615,0.9615,0.9715,1.0,0.9615,0.9715,0.250165,0.250165,2.37,0.421941,3.9974,-40.7109,2,NegBin
A. Malanda,middlesbrough,Neutral,fouls-committed,PLAYER_TO_COMMIT_1_OR_MORE_FOULS,24,0,0.9583,0.9583,1.2591,1.0,0.9583,1.2591,0.565474,0.565474,1.53,0.653595,1.7684,-13.4825,1,NegBin
A. Malanda,middlesbrough,Neutral,fouls-committed,PLAYER_TO_COMMIT_2_OR_MORE_FOULS,24,0,0.9583,0.9583,1.2591,1.0,0.9583,1.2591,0.248514,0.248514,3.5,0.285714,4.0239,-13.02,2,NegBin
C. Brittain,middlesbrough,Neutral,fouls-committed,PLAYER_TO_COMMIT_1_OR_MORE_FOULS,25,0,0.8,0.8,1.6667,1.0,0.8,1.6667,0.418421,0.418421,1.25,0.8,2.3899,-47.6974,1,NegBin
C. Brittain,middlesbrough,Neutral,fouls-committed,PLAYER_TO_COMMIT_2_OR_MORE_FOULS,25,0,0.8,0.8,1.6667,1.0,0.8,1.6667,0.195094,0.195094,2.1,0.47619,5.1257,-59.0302,2,NegBin
M. Whittaker,middlesbrough,Neutral,fouls-committed,PLAYER_TO_COMMIT_1_OR_MORE_FOULS,24,0,0.7083,0.7083,0.7183,1.0,0.7083,0.7183,0.50509,0.50509,1.36,0.735294,1.9798,-31.3077,1,NegBin
M. Whittaker,middlesbrough,Neutral,fouls-committed,PLAYER_TO_COMMIT_2_OR_MORE_FOULS,24,0,0.7083,0.7083,0.7183,1.0,0.7083,0.7183,0.159409,0.159409,2.62,0.381679,6.2732,-58.2347,2,NegBin
A. Browne,middlesbrough,Neutral,fouls-committed,PLAYER_TO_COMMIT_1_OR_MORE_FOULS,23,0,0.7826,0.7826,0.7926,1.0,0.7826,0.7926,0.540516,0.540516,1.44,0.694444,1.8501,-22.1657,1,NegBin
A. Browne,middlesbrough,Neutral,fouls-committed,PLAYER_TO_COMMIT_2_OR_MORE_FOULS,23,0,0.7826,0.7826,0.7926,1.0,0.7826,0.7926,0.185456,0.185456,3.0,0.333333,5.3921,-44.3631,2,NegBin
L. Castledine,middlesbrough,Neutral,fouls-committed,PLAYER_TO_COMMIT_1_OR_MORE_FOULS,7,0,0.8571,0.8571,0.8671,1.0,0.8571,0.8671,0.573516,0.573516,1.18,0.847458,1.7436,-32.3251,1,NegBin
L. Castledine,middlesbrough,Neutral,fouls-committed,PLAYER_TO_COMMIT_2_OR_MORE_FOULS,7,0,0.8571,0.8571,0.8671,1.0,0.8571,0.8671,0.212175,0.212175,1.8,0.555556,4.7131,-61.8086,2,NegBin
M. Targett,middlesbrough,Neutral,fouls-committed,PLAYER_TO_COMMIT_1_OR_MORE_FOULS,29,0,0.6207,0.6207,0.8867,1.0,0.6207,0.8867,0.403433,0.403433,1.44,0.694444,2.4787,-41.9056,1,NegBin
M. Targett,middlesbrough,Neutral,fouls-committed,PLAYER_TO_COMMIT_2_OR_MORE_FOULS,29,0,0.6207,0.6207,0.8867,1.0,0.6207,0.8867,0.144235,0.144235,3.0,0.333333,6.9331,-56.7295,2,NegBin
A. Gilbert,middlesbrough,Neutral,fouls-committed,PLAYER_TO_COMMIT_1_OR_MORE_FOULS,14,0,0.7143,0.7143,0.8352,1.0,0.7143,0.8352,0.483098,0.483098,1.33,0.75188,2.07,-35.7479,1,NegBin
A. Gilbert,middlesbrough,Neutral,fouls-committed,PLAYER_TO_COMMIT_2_OR_MORE_FOULS,14,0,0.7143,0.7143,0.8352,1.0,0.7143,0.8352,0.167322,0.167322,2.5,0.4,5.9765,-58.1696,2,NegBin
R. McGree,middlesbrough,Neutral,fouls-committed,PLAYER_TO_COMMIT_1_OR_MORE_FOULS,18,0,0.6111,0.6111,0.6211,1.0,0.6111,0.6211,0.454561,0.454561,1.8,0.555556,2.1999,-18.179,1,NegBin
R. McGree,middlesbrough,Neutral,fouls-committed,PLAYER_TO_COMMIT_2_OR_MORE_FOULS,18,0,0.6111,0.6111,0.6211,1.0,0.6111,0.6211,0.126604,0.126604,5.0,0.2,7.8986,-36.6978,2,NegBin
L. Ayling,middlesbrough,Neutral,fouls-committed,PLAYER_TO_COMMIT_1_OR_MORE_FOULS,29,0,0.5172,0.5172,0.5272,1.0,0.5172,0.5272,0.400887,0.400887,1.5,0.666667,2.4945,-39.867,1,NegBin
L. Ayling,middlesbrough,Neutral,fouls-committed,PLAYER_TO_COMMIT_2_OR_MORE_FOULS,29,0,0.5172,0.5172,0.5272,1.0,0.5172,0.5272,0.096878,0.096878,3.4,0.294118,10.3222,-67.0614,2,NegBin
D. Strelec,middlesbrough,Neutral,fouls-committed,PLAYER_TO_COMMIT_1_OR_MORE_FOULS,20,0,0.45,0.45,0.4711,1.0,0.45,0.4711,0.355829,0.355829,1.66,0.60241,2.8103,-40.9324,1,NegBin
D. Strelec,middlesbrough,Neutral,fouls-committed,PLAYER_TO_COMMIT_2_OR_MORE_FOULS,20,0,0.45,0.45,0.4711,1.0,0.45,0.4711,0.078907,0.078907,4.0,0.25,12.6731,-68.4371,2,NegBin
S. Hansen,middlesbrough,Neutral,fouls-committed,PLAYER_TO_COMMIT_1_OR_MORE_FOULS,4,0,0.75,0.75,0.9167,1.0,0.75,0.9167,0.491995,0.491995,1.66,0.60241,2.0325,-18.3289,1,NegBin
S. Hansen,middlesbrough,Neutral,fouls-committed,PLAYER_TO_COMMIT_2_OR_MORE_FOULS,4,0,0.75,0.75,0.9167,1.0,0.75,0.9167,0.180264,0.180264,4.0,0.25,5.5474,-27.8943,2,NegBin
J. Sarmiento,middlesbrough,Neutral,fouls-committed,PLAYER_TO_COMMIT_1_OR_MORE_FOULS,11,0,0.6364,0.6364,0.8545,1.0,0.6364,0.8545,0.421413,0.421413,1.28,0.78125,2.373,-46.0592,1,NegBin
J. Sarmiento,middlesbrough,Neutral,fouls-committed,PLAYER_TO_COMMIT_2_OR_MORE_FOULS,11,0,0.6364,0.6364,0.8545,1.0,0.6364,0.8545,0.147227,0.147227,2.25,0.444444,6.7922,-66.8739,2,NegBin
S. Silvera,middlesbrough,Neutral,fouls-committed,PLAYER_TO_COMMIT_1_OR_MORE_FOULS,5,0,0.6,0.6,0.61,1.0,0.6,0.61,0.448468,0.448468,1.2,0.833333,2.2298,-46.1839,1,NegBin
S. Silvera,middlesbrough,Neutral,fouls-committed,PLAYER_TO_COMMIT_2_OR_MORE_FOULS,5,0,0.6,0.6,0.61,1.0,0.6,0.61,0.122973,0.122973,1.9,0.526316,8.1319,-76.6351,2,NegBin
D. Fry,middlesbrough,Neutral,fouls-committed,PLAYER_TO_COMMIT_1_OR_MORE_FOULS,15,0,0.4,0.4,0.41,1.0,0.4,0.41,0.326375,0.326375,1.8,0.555556,3.064,-41.2525,1,NegBin
D. Fry,middlesbrough,Neutral,fouls-committed,PLAYER_TO_COMMIT_2_OR_MORE_FOULS,15,0,0.4,0.4,0.41,1.0,0.4,0.41,0.063497,0.063497,5.0,0.2,15.7488,-68.2515,2,NegBin
K. Sene,middlesbrough,Neutral,fouls-committed,PLAYER_TO_COMMIT_1_OR_MORE_FOULS,5,0,0.2,0.2,0.21,1.0,0.2,0.21,0.177298,0.177298,1.18,0.847458,5.6402,-79.0789,1,NegBin
K. Sene,middlesbrough,Neutral,fouls-committed,PLAYER_TO_COMMIT_2_OR_MORE_FOULS,5,0,0.2,0.2,0.21,1.0,0.2,0.21,0.020592,0.020592,1.8,0.555556,48.5619,-96.2934,2,NegBin
A. Bangura,middlesbrough,Neutral,fouls-committed,PLAYER_TO_COMMIT_1_OR_MORE_FOULS,5,0,0.2,0.2,0.21,1.0,0.2,0.21,0.177298,0.177298,1.25,0.8,5.6402,-77.8378,1,NegBin
A. Bangura,middlesbrough,Neutral,fouls-committed,PLAYER_TO_COMMIT_2_OR_MORE_FOULS,5,0,0.2,0.2,0.21,1.0,0.2,0.21,0.020592,0.020592,2.1,0.47619,48.5619,-95.6756,2,NegBin
S. Brynn,middlesbrough,Neutral,yellow-cards,TO_BE_BOOKED,30,0,0.0333,0.0333,0.0433,1.0,0.0333,0.0433,0.033333,0.033333,6.5,0.153846,30.0,-78.3333,1,Bernoulli-YC
A. Morris,middlesbrough,Neutral,fouls-drawn,PLAYER_TO_WIN_1_OR_MORE_FOULS,26,0,2.3077,2.3077,2.8615,1.0,2.3077,2.8615,0.873609,0.873609,1.04,0.961538,1.1447,-9.1446,1,NegBin
A. Morris,middlesbrough,Neutral,fouls-drawn,PLAYER_TO_WIN_2_OR_MORE_FOULS,26,0,2.3077,2.3077,2.8615,1.0,2.3077,2.8615,0.638391,0.638391,1.22,0.819672,1.5664,-22.1163,2,NegBin
L. Ayling,middlesbrough,Neutral,fouls-drawn,PLAYER_TO_WIN_1_OR_MORE_FOULS,29,0,1.2759,1.2759,1.4212,1.0,1.2759,1.4212,0.701292,0.701292,1.18,0.847458,1.4259,-17.2476,1,NegBin
L. Ayling,middlesbrough,Neutral,fouls-drawn,PLAYER_TO_WIN_2_OR_MORE_FOULS,29,0,1.2759,1.2759,1.4212,1.0,1.2759,1.4212,0.35915,0.35915,1.83,0.546448,2.7843,-34.2755,2,NegBin
A. Bangura,middlesbrough,Neutral,fouls-drawn,PLAYER_TO_WIN_1_OR_MORE_FOULS,5,0,2.6,2.6,5.3,1.0,2.6,5.3,0.831888,0.831888,1.06,0.943396,1.2021,-11.8198,1,NegBin
A. Bangura,middlesbrough,Neutral,fouls-drawn,PLAYER_TO_WIN_2_OR_MORE_FOULS,5,0,2.6,2.6,5.3,1.0,2.6,5.3,0.617466,0.617466,1.33,0.75188,1.6195,-17.877,2,NegBin
H. Hackney,middlesbrough,Neutral,fouls-drawn,PLAYER_TO_WIN_1_OR_MORE_FOULS,20,0,1.2,1.2,1.21,1.0,1.2,1.21,0.697304,0.697304,1.25,0.8,1.4341,-12.8369,1,NegBin
H. Hackney,middlesbrough,Neutral,fouls-drawn,PLAYER_TO_WIN_2_OR_MORE_FOULS,20,0,1.2,1.2,1.21,1.0,1.2,1.21,0.337072,0.337072,2.1,0.47619,2.9667,-29.215,2,NegBin
A. Browne,middlesbrough,Neutral,fouls-drawn,PLAYER_TO_WIN_1_OR_MORE_FOULS,23,0,1.1304,1.1304,1.1404,1.0,1.1304,1.1404,0.675498,0.675498,1.22,0.819672,1.4804,-17.5892,1,NegBin
A. Browne,middlesbrough,Neutral,fouls-drawn,PLAYER_TO_WIN_2_OR_MORE_FOULS,23,0,1.1304,1.1304,1.1404,1.0,1.1304,1.1404,0.311887,0.311887,2.0,0.5,3.2063,-37.6227,2,NegBin
M. Whittaker,middlesbrough,Neutral,fouls-drawn,PLAYER_TO_WIN_1_OR_MORE_FOULS,24,0,1.0417,1.0417,1.0517,1.0,1.0417,1.0517,0.645376,0.645376,1.22,0.819672,1.5495,-21.2641,1,NegBin
M. Whittaker,middlesbrough,Neutral,fouls-drawn,PLAYER_TO_WIN_2_OR_MORE_FOULS,24,0,1.0417,1.0417,1.0517,1.0,1.0417,1.0517,0.279489,0.279489,2.0,0.5,3.578,-44.1021,2,NegBin
R. McGree,middlesbrough,Neutral,fouls-drawn,PLAYER_TO_WIN_1_OR_MORE_FOULS,18,0,0.9444,0.9444,0.9544,1.0,0.9444,0.9544,0.609169,0.609169,1.4,0.714286,1.6416,-14.7164,1,NegBin
R. McGree,middlesbrough,Neutral,fouls-drawn,PLAYER_TO_WIN_2_OR_MORE_FOULS,18,0,0.9444,0.9444,0.9544,1.0,0.9444,0.9544,0.243918,0.243918,2.75,0.363636,4.0997,-32.9226,2,NegBin
S. Silvera,middlesbrough,Neutral,fouls-drawn,PLAYER_TO_WIN_1_OR_MORE_FOULS,5,0,1.4,1.4,1.41,1.0,1.4,1.41,0.752173,0.752173,1.11,0.900901,1.3295,-16.5088,1,NegBin
S. Silvera,middlesbrough,Neutral,fouls-drawn,PLAYER_TO_WIN_2_OR_MORE_FOULS,5,0,1.4,1.4,1.41,1.0,1.4,1.41,0.407675,0.407675,1.53,0.653595,2.4529,-37.6256,2,NegBin
C. Brittain,middlesbrough,Neutral,fouls-drawn,PLAYER_TO_WIN_1_OR_MORE_FOULS,25,0,0.6,0.6,1.1667,1.0,0.6,1.1667,0.344565,0.344565,1.9,0.526316,2.9022,-34.5327,1,NegBin
C. Brittain,middlesbrough,Neutral,fouls-drawn,PLAYER_TO_WIN_2_OR_MORE_FOULS,25,0,0.6,0.6,1.1667,1.0,0.6,1.1667,0.142316,0.142316,6.0,0.166667,7.0266,-14.6104,2,NegBin
L. Castledine,middlesbrough,Neutral,fouls-drawn,PLAYER_TO_WIN_1_OR_MORE_FOULS,7,0,0.8571,0.8571,2.1429,1.0,0.8571,2.1429,0.407613,0.407613,1.1,0.909091,2.4533,-55.1626,1,NegBin
L. Castledine,middlesbrough,Neutral,fouls-drawn,PLAYER_TO_WIN_2_OR_MORE_FOULS,7,0,0.8571,0.8571,2.1429,1.0,0.8571,2.1429,0.204509,0.204509,1.5,0.666667,4.8898,-69.3237,2,NegBin
M. Targett,middlesbrough,Neutral,fouls-drawn,PLAYER_TO_WIN_1_OR_MORE_FOULS,29,0,0.5172,0.5172,0.5272,1.0,0.5172,0.5272,0.400887,0.400887,1.72,0.581395,2.4945,-31.0475,1,NegBin
M. Targett,middlesbrough,Neutral,fouls-drawn,PLAYER_TO_WIN_2_OR_MORE_FOULS,29,0,0.5172,0.5172,0.5272,1.0,0.5172,0.5272,0.096878,0.096878,4.5,0.222222,10.3222,-56.4048,2,NegBin
S. Hansen,middlesbrough,Neutral,fouls-drawn,PLAYER_TO_WIN_1_OR_MORE_FOULS,4,0,1.0,1.0,1.3333,1.0,1.0,1.3333,0.578125,0.578125,1.14,0.877193,1.7297,-34.0938,1,NegBin
S. Hansen,middlesbrough,Neutral,fouls-drawn,PLAYER_TO_WIN_2_OR_MORE_FOULS,4,0,1.0,1.0,1.3333,1.0,1.0,1.3333,0.261719,0.261719,1.72,0.581395,3.8209,-54.9844,2,NegBin
D. Fry,middlesbrough,Neutral,fouls-drawn,PLAYER_TO_WIN_1_OR_MORE_FOULS,15,0,0.4667,0.4667,0.4767,1.0,0.4667,0.4767,0.369812,0.369812,1.83,0.546448,2.7041,-32.3244,1,NegBin
D. Fry,middlesbrough,Neutral,fouls-drawn,PLAYER_TO_WIN_2_OR_MORE_FOULS,15,0,0.4667,0.4667,0.4767,1.0,0.4667,0.4767,0.081894,0.081894,5.0,0.2,12.2109,-59.0531,2,NegBin
J. Sarmiento,middlesbrough,Neutral,fouls-drawn,PLAYER_TO_WIN_1_OR_MORE_FOULS,11,0,0.6364,0.6364,0.6545,1.0,0.6364,0.6545,0.466044,0.466044,1.12,0.892857,2.1457,-47.803,1,NegBin
J. Sarmiento,middlesbrough,Neutral,fouls-drawn,PLAYER_TO_WIN_2_OR_MORE_FOULS,11,0,0.6364,0.6364,0.6545,1.0,0.6364,0.6545,0.135693,0.135693,1.61,0.621118,7.3696,-78.1535,2,NegBin
A. Malanda,middlesbrough,Neutral,fouls-drawn,PLAYER_TO_WIN_1_OR_MORE_FOULS,24,0,0.3333,0.3333,0.4928,1.0,0.3333,0.4928,0.238467,0.238467,1.72,0.581395,4.1934,-58.9836,1,NegBin
A. Malanda,middlesbrough,Neutral,fouls-drawn,PLAYER_TO_WIN_2_OR_MORE_FOULS,24,0,0.3333,0.3333,0.4928,1.0,0.3333,0.4928,0.066749,0.066749,4.5,0.222222,14.9815,-69.963,2,NegBin
A. Gilbert,middlesbrough,Neutral,fouls-drawn,PLAYER_TO_WIN_1_OR_MORE_FOULS,14,0,0.4286,0.4286,0.5714,1.0,0.4286,0.5714,0.309181,0.309181,1.72,0.581395,3.2344,-46.8209,1,NegBin
A. Gilbert,middlesbrough,Neutral,fouls-drawn,PLAYER_TO_WIN_2_OR_MORE_FOULS,14,0,0.4286,0.4286,0.5714,1.0,0.4286,0.5714,0.087132,0.087132,4.5,0.222222,11.4769,-60.7908,2,NegBin
D. Strelec,middlesbrough,Neutral,fouls-drawn,PLAYER_TO_WIN_1_OR_MORE_FOULS,20,0,0.2,0.2,0.21,1.0,0.2,0.21,0.177298,0.177298,1.44,0.694444,5.6402,-74.4692,1,NegBin
D. Strelec,middlesbrough,Neutral,fouls-drawn,PLAYER_TO_WIN_2_OR_MORE_FOULS,20,0,0.2,0.2,0.21,1.0,0.2,0.21,0.020592,0.020592,3.25,0.307692,48.5619,-93.3075,2,NegBin
K. Sene,middlesbrough,Neutral,fouls-drawn,PLAYER_TO_WIN_1_OR_MORE_FOULS,5,0,0.2,0.2,0.21,1.0,0.2,0.21,0.177298,0.177298,1.25,0.8,5.6402,-77.8378,1,NegBin
K. Sene,middlesbrough,Neutral,fouls-drawn,PLAYER_TO_WIN_2_OR_MORE_FOULS,5,0,0.2,0.2,0.21,1.0,0.2,0.21,0.020592,0.020592,2.2,0.454545,48.5619,-95.4697,2,NegBin
D. Strelec,middlesbrough,Neutral,xg,TO_SCORE,20,0,0.387,0.387,0.397,1.0,0.387,0.397,0.320909,0.320909,2.75,0.363636,3.1161,-11.7501,1,Poisson-xG
M. Whittaker,middlesbrough,Neutral,xg,TO_SCORE,24,0,0.3058,0.3058,0.3158,1.0,0.3058,0.3158,0.263491,0.263491,2.37,0.421941,3.7952,-37.5527,1,Poisson-xG
R. McGree,middlesbrough,Neutral,xg,TO_SCORE,18,0,0.2772,0.2772,0.2872,1.0,0.2772,0.2872,0.242114,0.242114,4.33,0.230947,4.1303,4.8353,1,Poisson-xG
H. Hackney,middlesbrough,Neutral,xg,TO_SCORE,20,0,0.215,0.215,0.225,1.0,0.215,0.225,0.193459,0.193459,3.0,0.333333,5.1691,-41.9624,1,Poisson-xG
L. Castledine,middlesbrough,Neutral,xg,TO_SCORE,7,0,0.1643,0.1643,0.1743,1.0,0.1643,0.1743,0.1515,0.1515,3.2,0.3125,6.6006,-51.5199,1,Poisson-xG
A. Browne,middlesbrough,Neutral,xg,TO_SCORE,23,0,0.1935,0.1935,0.2035,1.0,0.1935,0.2035,0.175912,0.175912,5.0,0.2,5.6847,-12.0439,1,Poisson-xG
A. Morris,middlesbrough,Neutral,xg,TO_SCORE,26,0,0.1235,0.1235,0.1335,1.0,0.1235,0.1335,0.116144,0.116144,7.0,0.142857,8.61,-18.6989,1,Poisson-xG
M. Targett,middlesbrough,Neutral,xg,TO_SCORE,29,0,0.0817,0.0817,0.0917,1.0,0.0817,0.0917,0.078474,0.078474,8.0,0.125,12.7431,-37.2209,1,Poisson-xG
K. Sene,middlesbrough,Neutral,xg,TO_SCORE,5,0,0.13,0.13,0.14,1.0,0.13,0.14,0.121905,0.121905,3.2,0.3125,8.2031,-60.9905,1,Poisson-xG
A. Gilbert,middlesbrough,Neutral,xg,TO_SCORE,14,0,0.0636,0.0636,0.0736,1.0,0.0636,0.0736,0.061593,0.061593,4.33,0.230947,16.2356,-73.3303,1,Poisson-xG
J. Sarmiento,middlesbrough,Neutral,xg,TO_SCORE,11,0,0.0955,0.0955,0.1055,1.0,0.0955,0.1055,0.09104,0.09104,3.2,0.3125,10.9841,-70.8671,1,Poisson-xG
C. Brittain,middlesbrough,Neutral,xg,TO_SCORE,25,0,0.0596,0.0596,0.0696,1.0,0.0596,0.0696,0.057859,0.057859,8.5,0.117647,17.2835,-50.8201,1,Poisson-xG
D. Fry,middlesbrough,Neutral,xg,TO_SCORE,15,0,0.0767,0.0767,0.0867,1.0,0.0767,0.0867,0.073801,0.073801,9.5,0.105263,13.5499,-29.8886,1,Poisson-xG
A. Bangura,middlesbrough,Neutral,xg,TO_SCORE,5,0,0.032,0.032,0.042,1.0,0.032,0.042,0.031493,0.031493,8.5,0.117647,31.7527,-73.2306,1,Poisson-xG
S. Hansen,middlesbrough,Neutral,xg,TO_SCORE,4,0,0.1025,0.1025,0.1125,1.0,0.1025,0.1125,0.097422,0.097422,3.2,0.3125,10.2646,-68.825,1,Poisson-xG
L. Ayling,middlesbrough,Neutral,xg,TO_SCORE,29,0,0.0531,0.0531,0.0631,1.0,0.0531,0.0631,0.051718,0.051718,8.5,0.117647,19.3356,-56.0396,1,Poisson-xG
A. Malanda,middlesbrough,Neutral,xg,TO_SCORE,24,0,0.0329,0.0329,0.0429,1.0,0.0329,0.0429,0.032381,0.032381,11.0,0.090909,30.8825,-64.3811,1,Poisson-xG
S. Silvera,middlesbrough,Neutral,xg,TO_SCORE,5,0,0.028,0.028,0.038,1.0,0.028,0.038,0.027612,0.027612,4.75,0.210526,36.2166,-86.8845,1,Poisson-xG
